Attrition,Age,DailyRate,DistanceFromHome,Education,Gender,JobInvolvement,JobLevel,JobRole,JobSatisfaction,MonthlyIncome,PercentSalaryHike,PerformanceRating,TotalWorkingYears,TrainingTimesLastYear,WorkLifeBalance,YearsAtCompany,YearsInCurrentRole,YearsSinceLastPromotion,YearsWithCurr4
Yes,41,1102,1,2,1,3,2,8,4,5993,11,3,8,0,1,6,4,0,5
No,49,279,8,1,2,2,2,7,2,5130,23,4,10,3,3,10,7,1,7
Yes,37,1373,2,2,2,2,1,3,3,2090,15,3,7,3,3,0,0,0,0
No,33,1392,3,4,1,3,1,7,3,2909,11,3,8,3,3,8,7,3,0
No,27,591,2,1,2,3,1,3,2,3468,12,3,6,3,3,2,2,2,2
No,32,1005,2,2,2,3,1,3,4,3068,13,3,8,2,2,7,7,3,6
No,59,1324,3,3,1,4,1,3,1,2670,20,4,12,3,2,1,0,0,0
No,30,1358,24,1,2,3,1,3,3,2693,22,4,1,2,3,1,0,0,0
No,38,216,23,3,2,2,3,5,3,9526,21,4,10,2,3,9,7,1,8
No,36,1299,27,3,2,3,2,1,3,5237,13,3,17,3,2,7,7,7,7
No,35,809,16,3,2,4,1,3,2,2426,13,3,6,5,3,5,4,0,3
No,29,153,15,2,1,2,2,3,3,4193,12,3,10,3,3,9,5,0,8
No,31,670,26,1,2,3,1,7,3,2911,17,3,5,1,2,5,2,4,3
No,34,1346,19,2,2,3,1,3,4,2661,11,3,3,2,3,2,2,1,2
Yes,28,103,24,3,2,2,1,3,3,2028,14,3,6,4,3,4,2,0,3
No,29,1389,21,4,1,4,3,5,1,9980,11,3,10,1,3,10,9,8,8
No,32,334,5,2,2,4,1,7,2,3298,12,3,7,5,2,6,2,0,5
No,22,1123,16,2,2,4,1,3,4,2935,13,3,1,2,2,1,0,0,0
No,53,1219,2,4,1,2,4,4,4,15427,16,3,31,3,3,25,8,3,7
No,38,371,2,3,2,3,1,7,4,3944,11,3,6,3,3,3,2,1,2
No,24,673,11,2,1,4,2,5,3,4011,18,3,5,5,2,4,2,1,3
Yes,36,1218,9,4,2,2,1,9,1,3407,23,4,10,4,3,5,3,0,3
No,34,419,7,4,1,3,3,6,2,11994,11,3,13,4,3,12,6,2,11
No,21,391,15,2,2,3,1,7,4,1232,14,3,0,6,3,0,0,0,0
Yes,34,699,6,1,2,3,1,7,1,2960,11,3,8,2,3,4,2,1,3
No,53,1282,5,3,1,3,5,4,3,19094,11,3,26,3,2,14,13,4,8
Yes,32,1125,16,1,1,1,1,7,1,3919,22,4,10,5,3,10,2,6,7
No,42,691,8,4,2,3,2,8,2,6825,11,3,10,2,3,9,7,4,2
No,44,477,7,4,1,2,3,1,4,10248,14,3,24,4,3,22,6,5,17
No,46,705,2,4,1,3,5,4,1,18947,12,3,22,2,2,2,2,2,1
No,33,924,2,3,2,3,1,3,4,2496,11,3,7,3,3,1,1,0,0
No,44,1459,10,4,2,3,2,1,4,6465,13,3,9,5,4,4,2,1,3
No,30,125,9,2,2,2,1,3,3,2206,13,3,10,5,3,10,0,1,8
Yes,39,895,5,3,2,3,2,9,4,2086,14,3,19,6,4,1,0,0,0
Yes,24,813,1,3,2,3,1,7,4,2293,16,3,6,2,2,2,0,2,0
No,43,1273,2,2,1,4,1,7,3,2645,12,3,6,3,2,5,3,1,4
Yes,50,869,3,2,2,2,1,9,3,2683,14,3,3,2,3,3,2,0,2
No,35,890,2,3,1,3,1,9,4,2014,13,3,2,3,3,2,2,2,2
No,36,852,5,4,1,2,1,7,1,3419,14,3,6,3,4,1,1,0,0
No,33,1141,1,3,1,4,2,8,1,5376,19,3,10,3,3,5,3,1,3
No,35,464,4,2,2,3,1,3,4,1951,12,3,1,3,3,1,0,0,0
No,27,1240,2,4,1,3,1,3,1,2341,13,3,1,6,3,1,0,0,0
Yes,26,1357,25,3,2,1,1,3,3,2293,12,3,1,2,2,1,0,0,1
No,27,994,8,3,2,3,3,8,3,8726,15,3,9,0,3,9,8,1,7
No,30,721,1,2,1,3,2,3,4,4011,23,4,12,2,3,12,8,3,7
Yes,41,1360,12,3,1,3,5,6,3,19545,12,3,23,0,3,22,15,15,8
No,34,1065,23,4,2,3,2,8,3,4568,20,4,10,2,3,9,5,8,7
No,37,408,19,2,2,3,1,7,2,3022,21,4,8,1,3,1,0,0,0
No,46,1211,5,4,2,3,2,8,4,5772,21,4,14,4,3,9,6,0,8
No,35,1229,8,1,2,4,1,3,4,2269,19,3,1,2,3,1,0,0,1
Yes,48,626,1,2,2,2,3,3,3,5381,13,3,23,2,3,1,0,0,0
Yes,28,1434,5,4,2,3,1,3,3,3441,13,3,2,3,2,2,2,2,2
No,44,1488,1,5,1,3,2,8,1,5454,21,4,9,2,2,4,3,1,3
No,35,1097,11,2,2,2,3,1,1,9884,13,3,10,3,3,4,0,2,3
No,26,1443,23,3,1,2,2,8,4,4157,19,3,5,2,2,2,2,0,0
No,33,515,1,2,1,3,3,6,4,13458,12,3,15,1,3,15,14,8,12
No,35,853,18,5,2,3,3,8,1,9069,22,4,9,3,2,9,8,1,8
No,35,1142,23,4,1,3,1,3,1,4014,15,3,4,3,3,2,2,2,2
No,31,655,7,4,2,3,2,3,4,5915,22,4,10,3,2,7,7,1,7
No,37,1115,1,4,2,2,2,5,3,5993,18,3,7,2,4,7,5,0,7
No,32,427,1,3,2,3,2,5,4,6162,22,4,9,3,3,9,8,7,8
No,38,653,29,5,1,3,2,3,4,2406,11,3,10,2,3,10,3,9,9
No,50,989,7,2,1,2,5,6,3,18740,12,3,29,2,2,27,3,13,8
No,59,1435,25,3,1,3,3,8,1,7637,11,3,28,3,2,21,16,7,9
No,36,1223,8,3,1,3,3,1,3,10096,13,3,17,2,3,17,14,12,8
No,55,836,8,3,1,3,4,4,3,14756,14,3,21,2,3,5,0,0,2
No,36,1195,11,3,2,2,2,5,2,6499,13,3,6,3,3,6,5,0,3
No,45,1339,7,3,2,3,3,7,1,9724,17,3,25,2,3,1,0,0,0
No,35,664,1,3,2,3,1,7,1,2194,13,3,5,2,2,3,2,1,2
Yes,36,318,9,3,2,2,1,7,3,3388,17,3,2,0,2,1,0,0,0
No,59,1225,1,1,1,2,2,8,3,5473,11,3,20,2,2,4,3,1,3
No,29,1328,2,3,2,3,1,7,2,2703,23,4,6,3,3,5,4,0,4
No,31,1082,1,4,2,3,1,7,2,2501,17,3,1,4,3,1,1,1,0
No,32,548,1,3,2,3,2,7,2,6220,17,3,10,3,3,10,4,0,9
No,36,132,6,3,1,4,1,3,4,3038,12,3,5,3,3,1,0,0,0
No,31,746,8,4,1,3,2,5,4,4424,23,4,11,2,3,11,7,1,8
No,35,776,1,4,2,2,2,8,1,4312,14,3,16,2,3,15,13,2,8
No,45,193,6,4,2,3,3,6,1,13245,14,3,17,3,4,0,0,0,0
No,37,397,7,4,2,3,3,6,3,13664,13,3,16,3,4,5,2,0,2
No,46,945,5,2,2,3,2,2,2,5021,22,4,16,2,3,4,2,0,2
No,30,852,1,1,2,2,2,3,4,5126,12,3,10,1,2,10,8,3,0
No,35,1214,1,3,2,2,1,7,3,2859,18,3,6,3,3,6,4,0,4
No,55,111,1,2,2,3,3,8,4,10239,14,3,24,4,3,1,0,1,0
No,38,573,6,3,1,1,2,7,4,5329,12,3,17,3,3,13,11,1,9
No,34,1153,1,2,2,3,2,5,2,4325,15,3,5,2,3,5,2,1,3
No,56,1400,7,3,2,1,3,5,4,7260,11,3,37,3,2,6,4,0,2
No,23,541,2,1,2,3,1,9,1,2322,13,3,3,3,3,0,0,0,0
No,51,432,9,4,2,3,1,3,4,2075,23,4,10,4,3,4,2,0,3
No,30,288,2,3,2,2,2,1,4,4152,19,3,11,3,3,11,10,10,8
Yes,46,669,9,2,2,2,3,8,4,9619,16,3,9,3,3,9,8,4,7
No,40,530,1,4,2,2,4,1,2,13503,22,4,22,3,2,22,3,11,11
No,51,632,21,4,2,3,2,8,4,5441,22,4,11,2,1,10,7,1,0
No,30,1334,4,2,1,2,2,8,2,5209,12,3,11,4,2,11,8,2,7
No,46,638,1,3,2,2,3,1,1,10673,13,3,21,5,2,10,9,9,5
No,32,1093,6,4,2,3,2,8,3,5010,16,3,12,0,3,11,8,5,7
No,54,1217,2,4,1,3,3,6,3,13549,12,3,16,5,1,4,3,0,3
No,24,1353,3,2,1,3,2,8,3,4999,21,4,4,2,2,3,2,0,2
No,28,120,4,3,2,3,2,8,3,4221,15,3,5,3,4,5,4,0,4
No,58,682,10,4,2,3,4,8,3,13872,13,3,38,1,2,37,10,1,8
No,44,489,23,3,2,3,2,3,2,2042,12,3,17,3,4,3,2,1,2
Yes,37,807,6,4,2,3,1,2,1,2073,22,4,7,3,3,3,2,0,2
No,32,827,1,1,2,3,1,7,1,2956,13,3,1,2,3,1,0,0,0
Yes,20,871,6,3,1,2,1,3,4,2926,18,3,1,5,3,1,0,1,0
No,34,665,6,4,1,3,2,7,3,4809,14,3,16,3,3,16,13,2,10
No,37,1040,2,2,2,2,2,1,4,5163,14,3,17,2,4,1,0,0,0
No,59,1420,2,4,1,2,5,4,4,18844,21,4,30,3,3,3,2,2,2
No,50,1115,1,3,1,3,5,6,2,18172,19,3,28,1,2,8,3,0,7
Yes,25,240,5,3,2,2,2,8,3,5744,11,3,6,1,3,6,4,0,3
No,25,1280,7,1,2,2,1,7,4,2889,11,3,2,2,3,2,2,2,1
No,22,534,15,3,1,3,1,3,4,2871,15,3,1,5,3,0,0,0,0
No,51,1456,1,4,1,2,3,1,1,7484,20,4,23,1,2,13,12,12,8
Yes,34,658,7,3,2,1,2,3,3,6074,24,4,9,3,3,9,7,0,6
No,54,142,26,3,1,4,4,4,4,17328,12,3,23,3,3,5,3,4,4
No,24,1127,18,1,2,3,1,3,3,2774,12,3,6,2,3,5,3,1,2
No,34,1031,6,4,1,2,2,7,2,4505,15,3,12,3,3,1,0,0,0
No,37,1189,3,3,2,3,3,8,4,7428,12,3,12,3,3,5,3,1,3
No,34,1354,5,3,1,2,3,4,1,11631,12,3,14,6,3,11,10,5,8
No,36,1467,11,2,1,3,3,8,4,9738,14,3,10,6,3,9,7,2,8
No,36,922,3,2,1,3,1,3,4,2835,22,4,7,2,3,1,0,0,0
No,43,394,26,2,2,3,4,4,4,16959,12,3,25,3,4,25,12,4,12
No,30,1312,23,3,2,1,1,7,3,2613,25,4,10,2,2,10,7,0,9
No,33,750,22,2,2,3,2,8,2,6146,13,3,8,2,4,7,7,0,7
Yes,56,441,14,4,1,3,1,7,2,4963,18,3,7,2,3,5,4,4,3
No,51,684,6,3,2,3,5,6,3,19537,13,3,23,5,3,20,18,15,15
Yes,31,249,6,4,2,1,2,8,3,6172,18,3,12,3,2,7,7,7,7
No,26,841,6,3,1,2,1,7,2,2368,19,3,5,3,2,5,4,4,3
Yes,58,147,23,4,1,3,3,1,4,10312,12,3,40,3,2,40,10,15,6
Yes,19,528,22,1,2,3,1,9,3,1675,19,3,0,2,2,0,0,0,0
No,22,594,2,1,2,3,1,3,4,2523,14,3,3,2,3,2,1,2,1
No,49,470,20,4,1,3,2,5,1,6567,14,3,16,2,2,15,11,5,11
No,43,957,28,3,1,4,1,7,3,4739,12,3,18,2,3,3,2,1,2
No,50,809,12,3,1,3,3,8,4,9208,11,3,16,3,3,2,2,2,1
Yes,31,542,20,3,1,1,2,8,3,4559,11,3,4,2,3,2,2,2,2
No,41,802,9,1,2,3,3,8,3,8189,13,3,12,2,3,9,7,0,7
No,26,1355,25,1,1,3,1,2,3,2942,23,4,8,3,3,8,7,5,7
No,36,216,6,2,2,3,2,5,2,4941,20,4,7,0,3,3,2,0,1
Yes,51,1150,8,4,2,1,3,5,4,10650,15,3,18,2,3,4,2,0,3
No,39,1329,4,4,1,2,2,8,3,5902,14,3,17,1,4,15,11,5,9
No,25,959,28,3,2,2,2,8,3,8639,18,3,6,3,3,2,2,2,2
No,30,1240,9,3,2,3,2,2,4,6347,19,3,12,2,1,11,9,4,7
Yes,32,1033,9,3,1,3,1,3,1,4200,22,4,10,2,4,5,4,0,4
No,45,1316,29,3,2,3,1,7,4,3452,13,3,9,2,2,6,5,0,3
No,38,364,3,5,1,3,2,7,3,4317,20,4,19,2,3,3,2,2,2
No,30,438,18,3,1,3,1,7,3,2632,14,3,5,4,2,5,4,0,4
No,32,689,9,2,2,1,2,8,4,4668,17,3,9,2,4,8,7,0,7
No,30,201,5,3,1,3,1,7,1,3204,14,3,8,3,3,3,2,2,2
No,30,1427,2,1,2,2,1,3,4,2720,13,3,6,3,3,5,3,1,2
No,41,857,10,3,2,2,4,4,1,17181,13,3,21,2,2,7,6,7,7
No,41,933,9,4,2,3,1,3,1,2238,21,4,7,2,3,5,0,1,4
No,19,1181,3,1,1,3,1,3,2,1483,14,3,1,3,3,1,0,0,0
No,40,1395,26,3,1,3,2,7,2,5605,11,3,20,2,3,20,7,2,13
No,35,662,1,5,2,3,3,8,2,7295,13,3,10,3,3,10,8,0,6
No,53,1436,6,2,2,3,2,9,3,2306,20,4,13,3,1,7,7,4,5
No,45,194,9,3,2,3,2,3,2,2348,18,3,20,2,1,17,9,0,15
No,32,967,8,3,1,3,3,8,4,8998,14,3,9,2,3,9,8,3,7
No,29,1496,1,1,2,3,2,5,3,4319,13,3,10,1,3,10,7,0,9
No,51,1169,7,4,2,2,2,5,3,6132,17,3,10,2,3,1,0,0,0
No,58,1145,9,3,1,2,1,7,2,3346,20,4,9,3,2,1,0,0,0
No,40,630,4,4,2,2,3,8,4,10855,11,3,15,2,2,12,11,2,11
No,34,303,2,4,1,3,1,9,3,2231,18,3,6,3,3,4,3,1,2
No,22,1256,19,1,2,3,1,7,4,2323,24,4,2,6,3,2,2,2,2
No,27,691,9,3,2,3,1,7,2,2024,18,3,6,1,1,2,2,2,2
No,28,440,21,3,2,3,1,7,4,2713,11,3,5,2,1,5,2,0,2
No,57,334,24,2,2,4,3,1,4,9439,16,3,12,2,1,5,3,1,4
No,27,1450,3,3,2,2,1,7,3,2566,15,3,1,2,2,1,1,0,1
No,50,1452,11,3,1,3,5,4,2,19926,15,3,21,5,3,5,4,4,4
No,41,465,14,3,2,3,1,7,3,2451,12,3,13,2,3,9,8,1,8
No,30,1339,5,3,1,3,3,8,4,9419,12,3,12,2,3,10,9,7,4
No,38,702,1,4,1,2,2,8,4,8686,22,4,12,2,4,8,3,0,7
No,32,120,6,5,2,3,1,7,3,3038,20,4,8,2,3,5,4,1,4
No,27,1157,17,3,2,3,1,7,2,3058,16,3,6,3,2,5,2,1,1
Yes,19,602,1,1,1,1,1,9,1,2325,21,4,1,5,4,0,0,0,0
No,36,1480,3,2,2,3,1,3,2,2088,12,3,13,3,2,8,7,7,2
No,30,111,9,3,2,3,2,3,1,3072,11,3,12,4,3,12,9,6,10
No,45,1268,4,2,1,3,2,8,1,5006,11,3,9,3,4,5,4,0,3
No,56,713,8,3,1,3,1,7,1,4257,18,3,19,3,3,2,2,2,2
No,33,134,2,3,2,3,1,7,4,2500,14,3,4,2,4,3,1,0,2
Yes,19,303,2,3,2,2,1,3,4,1102,22,4,1,3,2,1,0,1,0
No,46,526,1,2,1,3,3,8,1,10453,25,4,24,2,3,24,13,15,7
No,38,1380,9,2,1,3,1,3,4,2288,12,3,2,3,3,2,2,2,1
No,31,140,12,1,1,3,1,7,4,3929,23,4,7,0,3,4,2,0,2
No,34,629,27,2,1,3,1,7,2,2311,15,3,9,3,3,3,2,1,2
Yes,41,1356,20,2,1,3,1,9,2,3140,22,4,4,5,2,4,3,0,2
No,50,328,1,3,2,2,1,3,3,3690,15,3,5,2,2,3,2,0,2
No,53,1084,13,2,1,4,2,5,1,4450,11,3,5,3,3,4,2,1,3
No,33,931,14,3,1,3,1,7,2,2756,13,3,8,5,3,8,7,1,6
No,40,989,4,1,1,3,5,4,3,19033,14,3,21,2,3,20,8,9,9
No,55,692,14,4,2,4,5,6,2,18722,11,3,36,3,3,24,15,2,15
No,34,1069,2,1,2,2,2,5,3,9547,17,3,10,2,2,10,9,1,9
No,51,313,3,3,1,3,4,1,2,13734,18,3,21,6,3,7,7,1,0
No,52,699,1,4,2,2,5,4,3,19999,14,3,34,5,3,33,18,11,9
No,27,894,9,3,1,3,1,7,2,2279,16,3,7,2,2,7,7,0,3
Yes,35,556,23,2,2,2,2,5,3,5916,13,3,8,1,3,1,0,0,1
No,43,1344,7,3,2,4,1,7,4,2089,14,3,7,3,4,5,4,2,2
No,45,1195,2,2,2,2,4,4,4,16792,23,4,22,1,3,20,8,11,8
No,37,290,21,3,2,4,1,7,1,3564,12,3,8,3,2,8,7,1,7
No,35,138,2,3,1,3,2,3,2,4425,11,3,10,5,3,6,2,1,2
No,42,926,21,2,1,3,2,5,3,5265,16,3,11,5,3,5,3,0,2
No,38,1261,2,4,2,3,2,5,3,6553,14,3,14,3,3,1,0,0,0
No,38,1084,29,3,2,3,2,5,4,6261,18,3,9,3,1,7,7,1,7
No,27,472,1,1,2,2,2,5,1,4298,19,3,6,1,3,2,2,2,0
No,49,1002,18,4,2,3,2,5,4,6804,15,3,7,0,3,7,7,1,7
No,34,878,10,4,2,3,1,7,3,3815,17,3,5,4,4,5,3,2,0
No,40,905,19,2,2,3,2,3,4,2741,15,3,15,2,4,7,2,3,7
Yes,38,1180,29,1,2,3,2,1,1,6673,19,3,17,2,3,1,0,0,0
Yes,29,121,27,3,1,3,3,8,4,7639,22,4,10,3,2,10,4,1,9
No,22,1136,5,3,2,4,1,7,2,2328,16,3,4,2,2,4,2,2,2
No,36,635,18,1,1,3,1,3,4,2153,13,3,8,2,3,8,1,1,7
No,40,1151,9,5,2,2,2,1,4,4876,14,3,5,5,1,3,2,0,2
No,46,644,1,4,2,3,3,1,1,9396,16,3,17,3,3,4,2,0,3
Yes,32,1045,4,4,2,1,3,8,4,10400,11,3,14,2,2,14,8,9,8
No,30,829,1,1,2,2,3,5,3,8474,22,4,12,2,3,11,8,5,8
No,27,1242,20,3,1,3,2,8,3,9981,14,3,7,2,3,7,7,0,7
No,51,1469,8,4,2,2,3,6,2,12490,16,3,16,5,1,10,9,4,7
Yes,30,1005,3,3,1,3,1,7,1,2657,11,3,8,5,3,5,2,0,4
No,41,896,6,3,1,3,3,4,4,13591,18,3,16,3,3,1,0,0,0
Yes,30,334,26,4,1,2,2,8,1,6696,15,3,9,5,2,6,3,0,1
Yes,29,992,1,3,2,3,1,7,3,2058,14,3,7,1,2,6,2,1,5
No,45,1052,6,3,1,2,3,8,4,8865,12,3,23,2,3,19,7,12,8
No,54,1147,3,3,1,3,2,8,1,5940,14,3,16,4,3,6,2,0,5
No,36,1396,5,2,2,3,2,3,2,5914,16,3,16,3,4,13,11,3,7
No,33,147,4,4,1,2,1,7,2,2622,21,4,7,3,3,3,2,1,1
No,37,663,11,3,2,3,3,6,4,12185,14,3,10,1,3,10,8,0,7
No,38,119,3,3,2,3,3,8,3,10609,12,3,17,6,2,16,10,5,13
No,31,979,1,4,2,1,2,5,3,4345,12,3,6,2,3,5,4,1,4
No,59,142,3,3,2,2,1,7,4,2177,17,3,7,6,3,1,0,0,0
No,37,319,4,4,2,3,1,9,4,2793,17,3,13,2,3,9,8,5,8
No,29,1413,1,1,1,3,3,8,4,7918,14,3,11,5,3,11,10,4,1
No,35,944,1,3,1,3,3,8,3,8789,14,3,10,3,4,10,7,0,8
Yes,29,896,18,1,2,2,1,7,4,2389,13,3,4,3,2,4,3,0,1
No,52,1323,2,3,1,2,1,3,4,3212,15,3,6,3,2,2,2,2,2
No,42,532,4,2,2,3,5,4,4,19232,11,3,22,3,3,22,17,11,15
No,59,818,6,2,2,3,1,2,3,2267,17,3,7,2,2,2,2,2,2
No,50,854,1,4,1,3,5,4,4,19517,11,3,32,3,2,7,0,0,6
Yes,33,813,14,3,2,3,1,3,4,2436,13,3,8,2,1,5,4,0,4
No,43,1034,16,3,1,3,4,4,4,16064,22,4,22,3,3,17,13,1,9
Yes,33,465,2,2,1,3,1,3,1,2707,20,4,13,3,4,9,7,1,7
No,52,771,2,4,2,2,5,4,3,19068,18,3,33,2,4,33,7,15,12
No,32,1401,4,2,1,3,1,9,2,3931,11,3,6,5,3,4,3,1,2
Yes,32,515,1,3,2,2,1,3,3,3730,14,3,4,2,1,3,2,1,2
No,39,1431,1,4,1,3,1,3,3,2232,14,3,7,1,3,3,2,1,2
No,32,976,26,4,2,3,2,8,4,4465,18,3,4,2,3,3,2,2,2
No,41,1411,19,2,2,3,2,7,1,3072,16,3,17,2,2,1,0,0,0
No,40,1300,24,2,2,3,2,7,4,3319,17,3,9,3,3,9,8,4,7
No,45,252,1,3,2,4,5,4,4,19202,11,3,25,2,3,24,0,1,7
No,31,1327,3,4,2,3,3,6,3,13675,12,3,9,3,3,2,2,2,2
No,33,832,5,4,1,2,1,7,4,2911,13,3,2,2,2,2,2,0,2
No,34,470,2,4,2,2,2,5,1,5957,13,3,13,3,3,11,9,5,9
No,37,1017,1,2,1,2,1,7,1,3920,14,3,17,2,2,3,1,0,2
No,45,1199,7,4,2,4,2,5,3,6434,17,3,9,1,3,3,2,0,2
Yes,37,504,10,3,2,3,3,5,3,10048,11,3,17,5,3,1,0,0,0
No,39,505,2,4,1,3,3,1,3,10938,25,4,20,1,3,19,6,11,8
No,29,665,15,3,2,3,1,7,4,2340,19,3,6,1,3,6,5,1,5
No,42,916,17,2,1,4,2,7,1,6545,13,3,10,1,3,3,2,0,2
No,29,1247,20,2,2,3,2,8,4,6931,14,3,10,2,3,3,2,0,2
No,25,685,1,3,1,3,2,5,3,4898,12,3,5,3,3,4,2,1,2
No,42,269,2,3,1,2,1,3,1,2593,11,3,10,4,3,9,6,7,8
No,40,1416,2,2,2,3,5,6,3,19436,19,3,22,5,3,21,7,3,9
No,51,833,1,3,2,3,1,7,4,2723,11,3,1,0,2,1,0,0,0
Yes,31,307,29,2,2,2,1,3,2,3479,11,3,6,2,4,5,4,1,4
No,32,1311,7,3,2,4,1,3,2,2794,20,4,5,3,1,5,1,0,3
No,38,1327,2,2,2,2,2,8,4,5249,18,3,13,0,3,8,7,7,5
No,32,128,2,1,2,2,2,3,1,2176,13,3,9,5,3,6,2,0,4
No,46,488,2,3,1,1,4,4,2,16872,12,3,28,2,2,7,7,7,7
Yes,28,529,2,4,2,3,1,3,3,3485,11,3,5,5,1,0,0,0,0
No,29,1210,2,3,2,2,2,8,2,6644,19,3,10,2,3,0,0,0,0
No,31,1463,23,3,2,2,2,1,4,5582,21,4,10,2,3,9,0,7,8
No,25,675,5,2,2,4,2,1,1,4000,12,3,6,2,3,6,3,1,5
No,45,1385,20,2,2,3,4,1,4,13496,14,3,21,2,3,20,7,4,10
No,36,1403,6,3,2,3,1,3,4,3210,11,3,16,4,3,15,13,10,11
No,55,452,1,3,2,3,5,4,1,19045,14,3,37,2,3,36,10,4,13
Yes,47,666,29,4,2,3,3,4,2,11849,12,3,10,2,2,10,7,9,9
No,28,1158,9,3,2,3,1,7,4,2070,23,4,5,3,2,5,2,0,4
No,37,228,6,4,2,3,2,8,4,6502,14,3,7,5,4,5,4,0,1
No,21,996,3,2,2,2,1,7,3,3230,17,3,3,4,4,3,2,1,0
No,37,728,1,4,1,3,3,6,4,13603,18,3,15,2,3,5,2,0,2
No,35,1315,22,3,1,4,3,4,2,11996,18,3,10,6,2,7,7,6,2
No,38,322,7,2,1,4,2,8,1,5605,24,4,8,3,3,8,0,7,7
No,26,1479,1,3,1,3,2,5,2,6397,20,4,6,6,1,6,5,1,4
No,50,797,4,1,2,3,5,6,2,19144,14,3,28,4,2,10,4,1,6
No,53,1070,3,4,2,3,4,6,3,17584,16,3,21,5,2,5,3,1,3
No,42,635,1,1,2,3,2,8,3,4907,25,4,20,3,3,20,16,11,6
No,29,442,2,2,2,3,2,8,4,4554,18,3,10,3,2,10,7,0,9
No,55,147,20,2,2,3,2,3,4,5415,19,3,12,4,3,10,7,0,8
No,26,496,11,2,2,3,2,1,1,4741,13,3,5,3,3,5,3,3,3
No,37,1372,1,3,1,3,1,7,4,2115,12,3,17,3,3,17,12,5,7
Yes,44,920,24,3,2,3,1,3,3,3161,22,4,19,0,1,1,0,0,0
No,38,688,23,4,2,3,2,1,4,5745,14,3,10,2,3,2,2,1,2
Yes,26,1449,16,4,2,3,1,3,2,2373,13,3,5,2,3,3,2,0,2
No,28,1117,8,2,1,3,1,7,4,3310,21,4,5,3,3,5,3,0,2
No,49,636,10,4,1,3,5,6,1,18665,11,3,22,4,3,3,2,1,2
No,36,506,3,3,2,3,2,7,2,4485,12,3,10,2,3,8,0,7,7
No,31,444,5,3,1,3,1,9,2,2789,11,3,2,5,2,2,2,2,2
Yes,26,950,4,4,2,2,2,8,4,5828,12,3,8,0,3,8,7,7,4
No,37,889,9,3,2,3,1,7,4,2326,12,3,4,3,2,4,2,1,2
No,42,555,26,3,1,3,4,8,2,13525,14,3,23,2,4,20,4,4,8
Yes,18,230,3,3,2,3,1,3,3,1420,13,3,0,2,3,0,0,0,0
No,35,1232,16,3,2,3,3,8,2,8020,15,3,12,3,2,11,9,6,9
No,36,566,18,4,2,4,1,3,4,3688,18,3,4,2,3,1,0,0,0
No,51,1302,2,3,2,1,2,5,2,5482,18,3,13,3,3,4,1,1,2
No,41,334,2,4,2,3,4,4,2,16015,19,3,22,2,3,22,10,0,4
No,18,812,10,3,1,2,1,9,3,1200,12,3,0,2,3,0,0,0,0
No,28,1476,16,2,2,4,2,1,1,5661,19,3,9,2,3,8,3,0,7
No,31,218,7,3,2,4,2,8,4,6929,11,3,10,3,2,8,7,7,7
No,39,1132,1,3,2,4,3,1,4,9613,17,3,19,5,2,18,10,3,7
No,36,1105,24,4,1,3,2,3,2,5674,15,3,11,3,3,9,8,0,8
No,32,906,7,3,2,2,2,8,3,5484,14,3,13,3,2,13,8,4,8
No,38,849,25,2,1,2,3,6,2,12061,17,3,19,2,3,10,8,0,1
No,58,390,1,4,2,1,2,1,3,5660,13,3,12,2,3,5,3,1,2
No,31,691,5,4,2,3,1,7,4,4821,12,3,6,4,3,5,2,0,3
No,31,106,2,3,2,2,2,2,1,6410,12,3,9,1,3,2,2,1,0
No,45,1249,7,3,2,3,3,3,1,5210,18,3,24,2,3,24,9,9,11
No,31,192,2,4,2,3,1,7,4,2695,18,3,3,2,1,2,2,2,2
No,33,553,5,4,1,3,3,4,2,11878,11,3,12,2,3,10,6,8,8
No,39,117,10,1,2,3,4,4,1,17068,14,3,21,3,3,21,9,11,10
No,43,185,10,4,1,3,1,3,4,2455,19,3,9,5,3,8,7,1,7
No,49,1091,1,2,1,2,4,1,3,13964,12,3,25,2,3,7,1,0,7
Yes,52,723,8,4,2,2,2,7,2,4941,15,3,11,3,2,8,2,7,7
No,27,1220,5,3,1,3,1,7,2,2478,12,3,4,2,2,4,3,1,2
No,32,588,8,2,1,2,2,8,2,5228,11,3,13,2,3,13,12,11,9
No,27,1377,2,3,2,3,2,8,3,4478,11,3,5,3,3,5,4,0,4
No,31,691,7,3,2,3,2,8,4,7547,12,3,13,3,3,7,7,1,7
No,32,1018,2,4,1,4,2,7,4,5055,16,3,10,0,2,7,7,0,7
Yes,28,1157,2,4,2,1,1,7,4,3464,13,3,5,4,2,3,2,2,2
No,30,1275,28,2,1,3,2,7,4,5775,13,3,11,2,3,10,8,1,9
No,31,798,7,2,1,2,3,5,3,8943,24,4,10,2,3,10,9,8,9
No,39,672,7,2,2,2,5,4,4,19272,15,3,21,2,3,21,9,13,3
Yes,39,1162,3,2,1,3,2,8,3,5238,18,3,12,3,2,1,0,0,0
No,33,508,10,3,2,2,2,8,4,4682,14,3,9,6,2,7,7,0,1
No,47,1482,5,5,2,3,5,6,3,18300,11,3,21,2,3,3,2,1,1
No,43,559,10,4,1,2,2,3,3,5257,11,3,9,3,4,9,7,0,0
No,27,210,1,1,2,3,2,8,2,6349,13,3,6,0,3,5,4,1,4
No,54,928,20,4,1,3,2,7,3,4869,12,3,20,4,2,4,3,0,3
No,43,1001,7,3,1,3,3,1,1,9985,16,3,10,1,2,1,0,0,0
No,45,549,8,4,2,3,2,7,4,3697,14,3,12,3,3,10,9,9,8
No,40,1124,1,2,2,1,2,8,4,7457,22,4,6,2,2,4,3,0,2
Yes,29,318,8,4,2,1,1,3,1,2119,11,3,7,4,2,7,7,0,7
No,29,738,9,5,2,2,1,3,4,3983,17,3,4,2,3,3,2,2,2
No,30,570,5,3,1,2,2,8,3,6118,13,3,10,2,3,10,9,1,2
No,27,1130,8,4,1,3,2,8,2,6214,18,3,8,3,3,8,7,0,7
No,37,1192,5,2,2,3,2,5,4,6347,16,3,8,2,2,6,2,0,4
No,38,343,15,2,2,2,3,6,4,11510,14,3,12,3,3,11,10,2,9
No,31,1232,7,4,1,3,3,5,4,7143,14,3,11,2,2,11,9,4,10
No,29,144,10,1,1,2,2,8,2,8268,14,3,7,2,3,7,7,1,7
No,35,1296,5,4,2,3,3,5,2,8095,13,3,17,5,3,16,6,0,13
No,23,1309,26,1,2,3,1,7,4,2904,12,3,4,2,2,4,2,0,2
No,41,483,6,3,2,2,2,5,2,6032,15,3,8,3,3,5,4,1,2
No,47,1309,4,1,2,3,2,9,3,2976,19,3,5,3,3,0,0,0,0
No,42,810,23,5,1,3,4,6,4,15992,14,3,16,2,3,1,0,0,0
No,29,746,2,3,2,3,2,8,3,4649,14,3,4,3,2,4,3,0,2
No,42,544,2,1,2,3,1,2,3,2696,11,3,4,5,3,3,2,1,0
No,32,1062,2,3,1,3,1,3,2,2370,13,3,8,4,3,8,0,0,7
No,48,530,29,1,1,3,3,4,3,12504,21,4,15,3,1,0,0,0,0
No,37,1319,6,3,2,4,2,7,1,5974,13,3,13,2,3,7,7,6,7
No,30,641,25,2,1,3,2,8,3,4736,12,3,4,2,4,2,2,2,2
No,26,933,1,3,2,3,2,8,3,5296,17,3,8,3,3,8,7,7,7
No,42,1332,2,4,2,2,2,1,4,6781,23,4,14,6,3,1,0,0,0
Yes,21,756,1,1,1,2,1,9,2,2174,11,3,3,3,3,3,2,1,2
No,36,845,1,5,1,3,2,8,4,6653,15,3,7,6,3,1,0,0,0
No,36,541,3,4,2,2,3,8,4,9699,11,3,16,2,3,13,9,1,12
No,57,593,1,4,2,3,2,1,3,6755,11,3,15,2,3,3,2,1,2
No,40,1171,10,4,1,4,1,3,3,2213,13,3,10,3,3,7,7,1,7
No,21,895,9,2,2,3,1,9,4,2610,24,4,3,3,2,3,2,2,2
Yes,33,350,5,3,1,3,1,9,3,2851,13,3,1,2,3,1,0,0,0
No,37,921,10,3,1,3,1,3,1,3452,20,4,17,3,3,5,4,0,3
No,46,1144,7,4,1,3,2,5,3,5258,14,3,7,2,4,1,0,0,0
Yes,41,143,4,3,2,3,2,8,2,9355,18,3,8,5,3,8,7,7,7
No,50,1046,10,3,2,2,3,1,4,10496,15,3,20,2,3,4,3,1,3
Yes,40,575,22,2,2,2,2,8,3,6380,12,3,8,6,3,6,4,1,0
No,31,408,9,4,2,2,1,7,2,2657,16,3,3,5,3,2,2,2,2
Yes,21,156,12,3,1,4,1,9,2,2716,15,3,1,0,3,1,0,0,0
No,29,1283,23,3,2,3,1,7,4,2201,16,3,6,4,3,3,2,1,2
No,35,755,9,4,2,2,2,1,2,6540,19,3,10,5,3,1,1,0,0
No,27,1469,1,2,2,3,1,3,2,3816,11,3,5,2,3,5,2,0,4
No,28,304,9,4,2,3,2,8,4,5253,16,3,7,1,3,7,5,0,7
No,49,1261,7,3,2,2,3,1,3,10965,24,4,26,2,3,5,2,0,0
No,51,1178,14,2,1,3,2,8,4,4936,11,3,18,2,2,7,7,0,7
No,36,329,2,3,1,3,1,7,3,2543,13,3,6,3,3,2,2,2,2
Yes,34,1362,19,3,2,4,2,8,4,5304,13,3,9,3,2,5,2,0,4
No,55,1311,2,3,1,3,4,4,4,16659,13,3,30,2,3,5,4,1,2
No,24,1371,10,4,1,3,2,8,3,4260,12,3,5,2,4,5,2,0,3
No,30,202,2,1,2,3,1,9,2,2476,18,3,1,3,3,1,0,0,0
Yes,26,575,3,1,2,3,1,7,1,3102,22,4,7,2,3,6,4,0,4
No,22,253,11,3,1,3,1,7,2,2244,13,3,2,1,3,2,1,1,2
No,36,164,2,2,2,2,3,8,3,7596,13,3,10,2,3,10,9,9,0
Yes,30,464,4,3,2,3,1,7,4,2285,23,4,3,4,3,1,0,0,0
No,37,1107,14,3,1,3,1,3,1,3034,12,3,18,2,2,18,7,12,17
No,40,759,2,2,1,3,2,8,2,5715,12,3,8,5,3,5,4,1,3
No,42,201,1,4,1,3,1,3,1,2576,16,3,8,5,3,5,2,1,2
No,37,1305,10,4,2,3,2,5,2,4197,12,3,18,2,2,1,0,0,1
No,43,982,12,3,2,2,4,6,2,14336,11,3,25,3,3,25,10,3,9
No,40,555,2,3,1,2,2,3,3,3448,22,4,20,3,3,1,0,0,0
No,54,821,5,2,2,3,5,6,1,19406,11,3,24,4,2,4,2,1,2
No,34,1381,4,4,1,3,2,8,3,6538,15,3,6,3,3,3,2,1,2
No,31,480,7,2,1,3,2,5,1,4306,12,3,13,5,1,13,10,3,12
No,43,313,21,3,2,3,1,3,4,2258,20,4,8,1,3,3,2,1,2
No,43,1473,8,4,1,3,2,1,3,4522,14,3,8,3,3,5,2,0,2
No,25,891,4,2,1,2,2,8,4,4487,11,3,5,3,3,5,4,1,3
No,37,1063,25,5,1,3,2,7,3,4449,15,3,15,2,3,13,11,10,7
No,31,329,1,2,2,2,1,3,1,2218,12,3,4,3,3,4,2,3,2
No,39,1218,1,1,2,3,5,4,3,19197,14,3,21,3,3,21,8,1,6
No,56,906,6,3,1,4,4,8,1,13212,11,3,36,0,2,7,7,7,7
No,30,1082,12,3,1,3,2,8,3,6577,11,3,6,6,3,5,4,4,4
No,41,645,1,3,2,4,3,8,1,8392,16,3,10,2,3,10,7,0,7
No,28,1300,17,2,2,3,2,3,1,4558,12,3,10,2,3,10,0,1,8
Yes,25,688,3,3,2,3,1,3,1,4031,13,3,6,5,3,2,2,0,2
No,52,319,3,3,2,2,3,5,3,7969,14,3,28,4,3,5,4,0,4
No,45,192,10,2,2,3,1,7,4,2654,21,4,8,3,2,2,2,0,2
No,52,1490,4,2,1,3,4,4,4,16555,13,3,31,2,1,5,2,1,4
No,42,532,29,2,1,3,2,7,3,4556,11,3,19,3,3,5,4,0,2
No,30,317,2,3,1,1,2,5,4,6091,20,4,11,2,3,5,4,0,2
No,60,422,7,3,1,3,5,4,1,19566,11,3,33,5,1,29,8,11,10
No,46,1485,18,3,1,3,2,5,3,4810,14,3,19,5,2,10,7,0,8
No,42,1368,28,4,1,2,2,1,4,4523,11,3,7,4,4,6,5,0,4
Yes,24,1448,1,1,1,3,1,9,2,3202,16,3,6,4,3,5,3,1,4
Yes,34,296,6,2,1,1,1,9,3,2351,16,3,3,3,2,2,2,1,0
No,38,1490,2,2,2,3,1,3,4,1702,23,4,1,3,3,1,0,0,0
No,40,1398,2,4,1,3,5,4,3,18041,14,3,21,2,3,20,15,1,12
No,26,1349,23,3,1,3,1,7,4,2886,22,4,3,3,1,3,2,0,2
No,30,1400,3,3,2,3,1,3,4,2097,15,3,9,3,1,5,3,1,4
No,29,986,3,4,2,2,3,6,3,11935,18,3,10,2,3,10,2,0,7
Yes,29,408,25,5,1,2,1,7,2,2546,16,3,6,2,4,2,2,1,1
Yes,19,489,2,2,2,2,1,2,4,2564,12,3,1,3,4,1,0,0,0
No,30,1398,22,4,1,3,3,8,1,8412,11,3,10,3,3,9,8,7,8
No,57,210,29,3,2,2,4,4,4,14118,12,3,32,3,2,1,0,0,0
No,50,1099,29,4,2,2,4,4,3,17046,15,3,28,2,3,27,10,15,7
No,30,1116,2,3,1,3,1,3,4,2564,14,3,12,2,2,11,7,6,7
No,60,1499,28,3,1,2,3,8,1,10266,19,3,22,5,4,18,13,13,11
No,47,983,2,2,1,3,2,5,4,5070,13,3,20,2,3,5,0,0,4
No,46,1009,2,3,2,3,4,6,3,17861,13,3,26,2,1,3,2,0,1
No,35,144,22,3,2,1,1,3,3,4230,15,3,6,2,3,5,4,4,3
No,54,548,8,4,1,3,2,3,3,3780,11,3,19,3,3,1,0,0,0
No,34,1303,2,4,2,2,1,7,3,2768,12,3,14,3,3,7,3,5,7
No,46,1125,10,3,1,2,3,8,4,9071,19,3,15,3,3,3,2,1,2
No,31,1274,9,1,2,3,3,5,2,10648,25,4,13,6,4,13,8,0,8
Yes,33,1277,15,1,2,3,3,4,3,13610,12,3,15,2,4,7,6,7,7
Yes,33,587,10,1,2,1,1,3,4,3408,13,3,8,2,3,4,3,1,3
No,30,413,7,1,2,3,1,9,2,2983,14,3,4,3,3,3,2,1,2
No,35,1276,16,3,2,3,3,1,3,7632,12,3,10,2,3,8,7,0,0
Yes,31,534,20,3,2,3,3,1,3,9824,12,3,12,2,3,1,0,0,0
Yes,34,988,23,3,1,3,3,2,1,9950,15,3,11,2,3,3,2,0,2
No,42,1474,5,2,2,3,1,3,3,2093,17,3,8,4,3,2,2,2,0
No,36,635,10,4,2,3,3,8,4,9980,14,3,10,3,2,10,3,9,7
Yes,22,1368,4,1,2,2,1,3,3,3894,16,3,4,3,3,2,2,1,2
No,48,163,2,5,1,3,2,8,4,4051,14,3,14,2,3,9,7,6,7
No,55,1117,18,5,1,3,4,4,2,16835,23,4,37,2,3,10,9,7,7
No,41,267,10,2,2,3,2,8,4,6230,14,3,16,3,3,14,3,1,10
No,35,619,1,3,2,3,2,8,3,4717,11,3,15,2,3,11,9,6,9
No,40,302,6,3,1,3,4,5,3,13237,15,3,22,3,3,20,6,5,13
No,39,443,8,1,1,3,1,3,3,3755,11,3,8,3,3,8,3,0,7
No,31,828,2,1,2,3,2,8,4,6582,13,3,10,2,4,6,5,0,5
No,42,319,24,3,2,3,3,5,1,7406,21,4,10,5,2,10,9,5,8
No,45,561,2,3,2,3,2,8,2,4805,19,3,9,3,4,8,7,3,7
Yes,26,426,17,4,1,3,1,2,3,2741,11,3,8,2,2,7,7,1,0
No,29,232,19,3,2,3,2,5,4,4262,12,3,8,2,4,3,2,1,2
No,33,922,1,5,1,4,4,6,3,16184,19,3,10,2,3,6,1,0,5
No,31,688,7,3,2,2,3,4,4,11557,21,4,10,3,2,5,4,0,1
Yes,18,1306,5,3,2,3,1,9,2,1878,14,3,0,3,3,0,0,0,0
No,40,1094,28,3,2,1,3,8,1,10932,15,3,20,2,3,1,0,0,1
No,41,509,2,4,1,2,2,1,3,6811,17,3,10,3,3,8,7,0,7
No,26,775,29,2,2,3,2,8,3,4306,12,3,8,5,3,0,0,0,0
No,35,195,1,3,1,3,2,8,3,4859,16,3,5,3,3,5,4,0,3
No,34,258,21,4,2,4,2,8,4,5337,12,3,10,3,3,10,7,5,7
Yes,26,471,24,3,2,1,1,3,4,2340,18,3,1,3,1,1,0,0,0
No,37,799,1,3,1,3,3,5,4,7491,17,3,12,3,4,6,5,1,2
No,46,1034,18,1,1,3,3,1,3,10527,11,3,28,3,2,2,2,1,2
No,41,1276,2,5,1,3,4,4,1,16595,16,3,22,2,3,18,16,11,8
No,37,142,9,4,2,3,3,8,2,8834,13,3,9,6,3,9,5,7,7
No,52,956,6,2,2,3,2,7,1,5577,12,3,18,3,3,10,9,6,9
Yes,32,1474,11,4,2,4,2,8,3,4707,12,3,6,2,3,4,2,1,2
No,24,535,24,3,2,3,1,9,4,2400,13,3,3,3,3,2,2,2,1
No,38,1495,10,3,1,3,2,1,3,9824,19,3,18,4,3,1,0,0,0
No,37,446,1,4,1,3,2,5,2,6447,12,3,8,2,2,6,5,4,3
No,49,1245,18,4,2,2,5,6,3,19502,17,3,31,5,3,31,9,0,9
No,24,691,23,3,2,4,1,7,4,2725,11,3,6,3,3,6,5,1,4
No,26,703,28,2,2,3,2,8,2,6272,20,4,6,5,4,5,3,1,4
No,24,823,17,2,2,2,1,3,2,2127,21,4,1,2,3,1,0,0,0
No,50,1246,3,3,2,3,5,4,2,18200,11,3,32,2,3,32,5,10,7
No,25,622,13,1,2,3,1,9,3,2096,11,3,7,1,3,7,4,0,6
Yes,24,1287,7,3,1,3,1,3,3,2886,16,3,6,4,3,6,3,1,2
Yes,30,448,12,4,2,2,1,9,1,2033,18,3,1,2,4,1,0,0,0
No,34,254,1,2,2,2,1,7,4,3622,13,3,6,3,3,6,5,1,3
Yes,31,1365,13,4,2,3,2,8,1,4233,17,3,9,2,1,3,1,1,2
No,35,538,25,2,2,2,2,3,4,3681,14,3,9,3,3,3,2,0,2
No,31,525,6,4,2,4,2,8,4,5460,22,4,13,4,4,7,7,5,7
No,27,798,6,4,1,2,1,7,3,2187,12,3,6,5,2,5,3,0,3
No,37,558,2,3,2,3,2,8,3,9602,11,3,17,3,2,3,0,1,0
No,20,959,1,3,1,2,1,7,2,2836,13,3,1,0,4,1,0,0,0
No,42,622,2,4,1,3,2,1,4,4089,13,3,10,4,3,10,2,2,2
No,43,782,6,4,2,2,4,6,4,16627,14,3,21,3,2,1,0,0,0
No,38,362,1,1,1,3,1,7,1,2619,17,3,8,3,2,0,0,0,0
No,43,1001,9,5,2,3,2,3,3,5679,13,3,10,3,3,8,7,4,7
No,48,1236,1,4,1,2,4,4,1,15402,11,3,21,3,1,3,2,0,2
No,44,1112,1,4,1,2,2,2,3,5985,11,3,10,1,4,2,2,0,2
No,34,204,14,3,1,3,1,9,3,2579,18,3,8,3,3,8,2,0,6
Yes,27,1420,2,1,2,3,1,9,1,3041,11,3,5,3,3,4,3,0,2
No,21,1343,22,1,2,3,1,9,3,3447,11,3,3,2,3,3,2,1,2
No,44,1315,3,4,2,3,5,4,4,19513,12,3,26,2,4,2,2,0,1
No,22,604,6,1,2,3,1,7,3,2773,20,4,3,3,3,2,2,2,2
No,33,1216,8,4,2,3,2,8,3,7104,12,3,6,3,3,5,0,1,2
No,32,646,9,4,1,3,2,7,4,6322,12,3,6,2,2,6,4,0,5
No,30,160,3,3,1,3,1,7,3,2083,20,4,1,2,3,1,0,0,0
No,53,238,1,1,1,3,2,8,1,8381,20,4,18,2,4,14,7,8,10
No,34,1397,1,5,2,3,1,7,4,2691,12,3,10,4,2,10,9,8,8
Yes,45,306,26,4,1,3,2,8,1,4286,14,3,5,4,3,1,1,0,0
No,26,991,6,3,1,3,1,3,4,2659,13,3,3,2,3,3,2,0,2
No,37,482,3,3,2,3,3,5,3,9434,15,3,10,2,3,10,7,7,8
No,29,1176,3,2,1,3,2,8,3,5561,14,3,6,5,2,6,0,1,2
No,35,1017,6,4,2,1,2,7,4,6646,13,3,17,3,3,17,11,11,8
No,33,1296,6,3,2,3,2,1,4,7725,23,4,15,2,1,13,11,4,7
No,54,397,19,4,2,3,3,2,2,10725,15,3,16,1,4,9,7,7,1
No,36,913,9,2,2,2,2,5,2,8847,11,3,13,2,3,3,2,0,2
No,27,1115,3,4,2,2,1,7,4,2045,13,3,5,0,3,4,2,1,1
Yes,20,1362,10,1,2,3,1,7,3,1009,11,3,1,5,3,1,0,1,1
Yes,33,1076,3,3,2,3,1,7,1,3348,11,3,10,3,3,10,8,9,7
No,35,727,3,3,2,2,1,3,3,1281,18,3,1,3,3,1,0,0,0
No,23,885,4,3,2,4,1,7,1,2819,16,3,5,3,4,3,2,0,2
No,25,810,8,3,2,4,2,8,2,4851,22,4,4,4,3,3,2,1,2
No,38,243,7,4,1,2,2,8,4,4028,20,4,8,2,3,7,7,0,5
No,29,806,1,4,2,1,1,7,4,2720,18,3,10,5,3,10,7,2,8
No,48,817,2,1,2,4,2,8,2,8120,12,3,12,3,3,2,2,2,2
No,27,1410,3,1,1,4,2,8,4,4647,20,4,6,3,3,6,5,0,4
No,37,1225,10,2,2,4,1,7,4,4680,17,3,4,2,3,1,0,0,0
No,50,1207,28,1,2,4,1,3,3,3221,11,3,20,3,3,20,8,3,8
No,34,1442,9,3,1,2,3,1,2,8621,14,3,9,3,4,8,7,7,7
Yes,24,693,3,2,1,3,2,8,3,4577,14,3,4,3,3,2,2,2,0
No,39,408,2,4,1,2,2,1,3,4553,11,3,20,4,3,20,7,11,10
No,32,929,10,3,2,3,2,8,4,5396,12,3,10,2,2,10,7,0,8
Yes,50,562,8,2,2,3,2,8,3,6796,14,3,18,4,3,4,3,1,3
No,38,827,1,4,1,4,2,1,4,7625,13,3,10,4,2,9,7,1,8
No,27,608,1,2,1,3,3,5,1,7412,11,3,9,3,3,9,7,0,7
No,32,1018,3,2,1,3,3,6,4,11159,15,3,10,6,3,7,7,7,7
No,47,703,14,4,2,3,2,8,1,4960,12,3,20,2,3,7,7,1,7
No,40,580,5,4,2,2,3,8,1,10475,21,4,20,2,3,18,13,1,12
No,53,970,7,3,2,4,4,6,3,14814,19,3,32,3,3,5,1,1,3
No,41,427,10,4,2,2,5,4,4,19141,15,3,23,2,2,21,6,12,6
No,60,1179,16,4,2,3,2,8,1,5405,14,3,10,1,3,2,2,2,2
No,27,294,10,2,2,3,3,5,1,8793,21,4,9,4,2,9,7,1,7
No,41,314,1,3,2,2,5,4,3,19189,12,3,22,3,3,22,7,2,10
No,50,316,8,4,2,3,1,9,2,3875,15,3,4,2,3,2,2,2,2
Yes,28,654,1,2,1,1,1,7,2,2216,13,3,10,4,3,7,7,3,7
No,36,427,8,3,1,4,3,6,1,11713,14,3,10,2,3,8,7,0,5
No,38,168,1,3,1,3,3,5,3,7861,14,3,10,4,4,1,0,0,0
No,44,381,24,3,2,1,1,3,3,3708,14,3,9,5,3,5,2,1,4
No,47,217,3,3,1,3,4,8,3,13770,12,3,28,2,2,22,2,11,13
No,30,501,27,5,2,3,2,8,4,5304,23,4,10,2,2,8,7,7,7
No,29,1396,10,3,2,3,1,9,3,2642,11,3,1,6,3,1,0,0,0
Yes,42,933,19,3,2,4,1,7,3,2759,12,3,7,2,3,2,2,2,2
No,43,775,15,3,2,2,2,8,4,6804,18,3,7,5,3,2,2,2,2
No,34,970,8,2,1,3,2,1,3,6142,11,3,10,2,3,5,1,4,3
No,23,650,9,1,2,3,1,3,1,2500,14,3,5,2,4,4,3,0,2
No,39,141,3,3,1,4,2,2,2,6389,15,3,12,3,1,8,3,3,6
No,56,832,9,3,2,3,4,1,4,11103,11,3,30,1,2,10,7,1,1
No,40,804,2,1,1,2,1,7,4,2342,20,4,5,2,2,4,2,2,3
No,27,975,7,3,1,2,2,1,1,6811,19,3,9,2,1,7,6,0,7
No,29,1090,10,3,2,3,1,9,2,2297,14,3,2,2,3,2,2,2,2
No,53,346,6,3,2,3,2,3,4,2450,17,3,19,4,3,2,2,2,2
No,35,1225,2,4,1,3,2,1,1,5093,11,3,16,2,4,1,0,0,0
No,32,430,24,4,2,3,2,3,4,5309,15,3,10,2,3,10,8,4,7
No,38,268,2,5,2,3,1,7,3,3057,13,3,6,0,1,1,0,0,1
No,34,167,8,5,1,3,2,5,1,5121,14,3,7,3,3,0,0,0,0
No,52,621,3,4,2,2,4,4,1,16856,11,3,34,3,4,34,6,1,16
Yes,33,527,1,4,2,3,1,7,4,2686,13,3,10,2,2,10,9,7,8
No,25,883,26,1,1,3,2,8,4,6180,23,4,6,5,2,6,5,1,4
No,45,954,2,2,2,1,2,9,3,6632,13,3,9,3,3,8,7,3,1
No,23,310,10,1,2,4,1,7,3,3505,18,3,2,3,3,2,2,0,2
Yes,47,719,27,2,1,4,2,8,3,6397,12,3,8,2,3,5,4,1,3
No,34,304,2,3,2,3,2,8,4,6274,22,4,6,5,3,6,5,1,4
Yes,55,725,2,3,2,3,5,4,1,19859,13,3,24,2,3,5,2,1,4
No,36,1434,8,4,2,2,3,8,1,7587,15,3,10,1,3,10,7,0,9
No,52,715,19,4,2,3,1,7,4,4258,18,3,5,3,3,4,3,1,2
No,26,575,1,2,1,1,1,3,4,4364,14,3,5,2,3,2,2,2,0
No,29,657,27,3,1,3,2,1,3,4335,12,3,11,3,2,8,7,1,1
Yes,26,1146,8,3,2,2,2,8,1,5326,17,3,6,2,2,4,3,1,2
No,34,182,1,4,1,4,1,7,4,3280,16,3,10,2,3,4,2,1,3
No,54,376,19,4,1,3,2,5,1,5485,11,3,9,4,3,5,3,1,4
No,27,829,8,1,2,3,2,8,4,4342,19,3,5,3,3,4,2,1,1
No,37,571,10,1,1,3,1,7,1,2782,13,3,6,3,2,5,3,4,3
No,38,240,2,4,1,4,2,5,1,5980,12,3,17,2,3,15,7,4,12
No,34,121,2,4,1,2,1,7,1,4381,11,3,6,3,3,6,5,1,3
No,35,384,8,4,1,3,1,9,4,2572,16,3,3,1,2,3,2,0,2
No,30,921,1,3,2,1,1,3,3,3833,21,4,7,2,3,2,2,0,2
No,40,791,2,2,1,4,2,1,2,4244,24,4,8,2,3,8,7,3,7
No,34,1111,8,2,1,3,2,8,1,6500,17,3,6,1,3,3,2,1,2
No,42,570,8,3,2,3,5,4,4,18430,13,3,24,4,2,24,7,14,9
Yes,23,1243,6,3,2,4,1,3,1,1601,21,4,1,2,3,0,0,0,0
No,24,1092,9,3,2,2,1,3,2,2694,11,3,1,4,3,1,0,0,0
No,52,1325,11,4,1,3,2,3,3,3149,20,4,9,3,3,5,2,1,4
No,50,691,2,3,2,3,4,6,3,17639,16,3,30,3,3,4,3,0,3
Yes,29,805,1,2,1,2,1,3,1,2319,11,3,1,1,3,1,0,0,0
No,33,213,7,3,2,3,3,6,3,11691,11,3,14,3,4,13,9,3,7
Yes,33,118,16,3,1,3,2,8,1,5324,15,3,6,3,3,3,2,0,2
No,47,202,2,2,1,3,4,4,4,16752,11,3,26,3,2,26,14,3,0
No,36,676,1,3,1,3,2,5,2,5228,15,3,10,2,3,9,7,0,5
No,29,1252,23,2,2,4,1,7,3,2700,24,4,10,3,3,10,7,0,7
Yes,58,286,2,4,2,3,5,6,2,19246,12,3,40,2,3,31,15,13,8
No,35,1258,1,4,1,4,1,7,3,2506,13,3,7,0,3,2,2,2,2
No,42,932,1,2,1,2,2,5,4,6062,13,3,8,4,3,4,3,0,2
Yes,28,890,2,4,2,3,1,7,3,4382,17,3,5,3,2,2,2,2,1
No,36,1041,13,3,2,3,1,2,2,2143,13,3,8,2,3,5,2,0,4
No,32,859,4,3,1,2,2,5,3,6162,12,3,14,3,3,14,13,6,8
No,40,720,16,4,2,2,2,3,3,5094,14,3,10,6,3,1,0,0,0
No,30,946,2,3,1,2,2,5,4,6877,24,4,12,4,2,0,0,0,0
No,45,252,2,3,1,2,1,7,3,2274,14,3,1,3,3,1,0,0,0
No,42,933,29,3,2,3,2,5,2,4434,13,3,10,3,2,9,8,7,8
No,38,471,12,3,2,2,2,1,1,6288,15,3,13,3,2,4,3,1,2
No,34,702,16,4,1,2,1,7,4,2553,16,3,6,3,3,5,2,1,3
Yes,49,1184,11,3,1,3,3,8,4,7654,18,3,9,3,4,9,8,7,7
Yes,55,436,2,1,2,3,2,8,4,5160,16,3,12,3,2,9,7,7,3
No,43,589,14,2,2,3,4,6,1,17159,24,4,22,3,3,4,1,1,0
No,27,269,5,1,2,2,3,6,4,12808,16,3,9,3,3,9,8,0,8
No,35,950,7,3,2,3,3,5,3,10221,21,4,17,3,4,8,5,1,6
No,28,760,2,4,1,3,2,8,2,4779,20,4,8,2,3,8,7,7,5
No,34,829,3,2,2,3,1,2,4,3737,19,3,4,1,1,3,2,0,2
Yes,26,887,5,2,1,2,1,7,3,2366,14,3,8,2,3,8,7,1,7
No,27,443,3,3,2,3,1,7,4,1706,11,3,0,6,2,0,0,0,0
No,51,1318,26,4,1,3,4,4,3,16307,14,3,29,2,2,20,6,4,17
No,44,625,4,3,2,3,2,1,2,5933,12,3,10,2,2,5,2,2,3
No,25,180,2,1,2,4,1,7,1,3424,13,3,6,3,2,4,3,0,1
No,33,586,1,3,2,4,2,8,1,4037,22,4,9,5,3,9,8,0,8
No,35,1343,27,1,1,2,1,7,1,2559,11,3,6,3,2,6,5,1,1
No,36,928,1,2,2,3,2,8,4,6201,14,3,18,1,2,18,14,4,11
No,32,117,13,4,2,3,2,8,4,4403,11,3,8,3,2,5,2,0,3
No,30,1012,5,4,2,2,1,7,4,3761,12,3,10,3,2,5,4,0,3
No,53,661,7,2,1,2,3,8,4,10934,18,3,35,3,3,5,2,0,4
No,45,930,9,3,2,3,3,8,1,10761,12,3,18,2,3,5,4,0,2
No,32,638,8,2,1,4,2,7,3,5175,12,3,9,3,2,5,3,1,3
No,52,890,25,4,1,2,4,5,4,13826,22,4,31,3,3,9,8,0,0
No,37,342,16,4,2,2,2,8,3,6334,19,3,9,2,3,1,0,0,0
No,28,1169,8,2,2,2,1,2,4,4936,13,3,6,6,3,5,1,0,4
No,22,1230,1,2,2,2,2,5,4,4775,22,4,4,2,1,2,2,2,2
No,44,986,8,4,2,4,1,3,4,2818,24,4,10,2,2,3,2,0,2
No,42,1271,2,1,2,3,1,7,4,2515,14,3,8,2,3,2,1,2,2
No,36,1278,8,3,2,2,1,2,1,2342,21,4,6,3,3,5,4,0,3
No,25,141,3,1,2,3,2,8,1,4194,18,3,5,3,3,5,3,0,3
No,35,607,9,3,1,2,3,5,3,10685,20,4,17,2,3,17,14,5,15
Yes,35,130,25,4,1,3,1,7,2,2022,19,3,10,3,2,10,2,7,8
No,32,300,1,3,2,3,1,3,4,2314,12,3,4,2,3,3,0,0,2
No,25,583,4,1,2,2,2,8,1,4256,12,3,5,1,4,5,2,0,3
No,49,1418,1,3,1,3,1,7,1,3580,16,3,7,2,3,4,2,0,2
No,24,1269,4,1,2,2,1,3,4,3162,17,3,6,2,2,5,2,3,4
No,32,379,5,2,2,3,2,8,2,6524,14,3,10,3,3,10,8,5,3
No,38,395,9,3,2,2,1,9,2,2899,19,3,3,3,3,2,2,1,2
No,42,1265,3,3,1,4,2,3,4,5231,13,3,17,1,2,5,3,1,3
No,31,1222,11,4,2,3,1,7,4,2356,19,3,8,2,3,6,4,0,2
Yes,29,341,1,3,1,2,1,9,3,2800,19,3,5,3,3,3,2,0,2
No,53,868,8,3,2,3,4,8,4,11836,14,3,28,3,3,2,0,2,2
No,35,672,25,3,2,2,3,5,2,10903,16,3,16,2,3,13,10,4,8
No,37,1231,21,2,1,3,1,9,4,2973,15,3,10,3,3,5,4,0,0
No,53,102,23,4,1,3,4,6,4,14275,18,3,33,0,3,12,9,3,8
No,43,422,1,3,1,3,2,1,4,5562,13,3,12,2,2,5,2,2,2
No,47,249,2,2,1,3,2,8,4,4537,22,4,8,2,3,7,6,7,7
No,37,1252,19,2,2,3,3,8,2,7642,13,3,10,2,3,10,0,0,9
No,50,881,2,4,2,3,4,4,1,17924,11,3,31,3,3,31,6,14,7
No,39,1383,2,3,1,2,2,2,4,5204,11,3,13,2,3,5,4,0,4
No,33,1075,3,2,2,3,1,2,2,2277,11,3,7,4,4,4,3,0,3
Yes,32,374,25,4,2,3,1,3,4,2795,24,4,1,2,1,1,0,0,1
No,29,1086,7,1,1,2,1,3,4,2532,14,3,8,5,3,4,3,0,3
No,44,661,9,2,2,3,1,7,1,2559,13,3,8,0,3,8,7,7,1
No,28,821,5,4,2,3,2,8,4,4908,14,3,4,3,3,4,2,0,2
Yes,58,781,2,1,2,2,1,3,4,2380,14,3,3,3,2,1,0,0,0
No,43,177,8,3,1,3,2,5,2,4765,21,4,4,2,4,1,0,0,0
Yes,20,500,2,3,1,2,1,9,3,2044,13,3,2,3,2,2,2,0,2
Yes,21,1427,18,1,1,3,1,7,4,2693,19,3,1,3,2,1,0,0,0
No,36,1425,14,1,2,3,2,1,4,6586,17,3,17,2,2,16,8,4,11
No,47,1454,2,4,1,2,1,9,4,3294,18,3,3,3,2,3,2,1,2
Yes,22,617,3,1,1,3,2,5,3,4171,19,3,4,3,4,3,2,0,2
Yes,41,1085,2,4,1,1,1,3,4,2778,13,3,10,1,2,7,7,1,0
No,28,995,9,3,1,3,1,7,3,2377,18,3,6,2,3,2,2,2,2
Yes,39,1122,6,3,2,3,1,3,1,2404,21,4,8,2,1,2,2,2,2
No,27,618,4,3,1,3,1,7,3,2318,19,3,1,2,3,1,1,0,0
No,34,546,10,3,2,3,1,3,2,2008,14,3,1,3,3,1,0,1,0
No,42,462,14,2,1,2,2,8,3,6244,17,3,10,6,3,5,4,0,3
No,33,1198,1,4,2,2,1,7,1,2799,11,3,6,1,3,3,2,0,2
No,58,1272,5,3,1,2,3,1,2,10552,13,3,24,3,3,6,0,0,4
No,31,154,7,4,2,2,1,9,3,2329,15,3,13,2,4,7,7,5,2
No,35,1137,21,1,1,3,2,1,4,4014,25,4,10,2,1,10,6,0,7
No,49,527,8,2,1,3,3,3,2,7403,11,3,29,3,2,26,9,1,7
No,48,1469,20,4,2,3,1,7,3,2259,17,3,13,2,2,0,0,0,0
No,31,1188,20,2,1,3,2,8,3,6932,13,3,9,2,2,9,8,0,0
No,36,188,7,4,2,3,1,7,4,4678,18,3,8,6,3,6,2,0,1
No,38,1333,1,3,1,3,3,6,1,13582,13,3,15,3,3,15,12,5,11
No,32,1184,1,3,1,2,1,3,2,2332,20,4,5,3,3,3,0,0,2
Yes,25,867,19,2,2,2,1,9,2,2413,18,3,1,2,3,1,0,0,0
No,40,658,10,4,2,2,3,8,2,9705,12,3,11,2,2,1,0,0,0
No,26,1283,1,3,2,2,2,8,1,4294,12,3,7,2,3,7,7,0,7
No,41,263,6,3,2,3,1,3,1,4721,13,3,20,3,3,18,13,2,17
No,36,938,2,4,2,3,1,3,3,2519,21,4,16,6,3,11,8,3,9
Yes,19,419,21,3,2,2,1,9,2,2121,13,3,1,3,4,1,0,0,0
Yes,20,129,4,3,2,3,1,3,1,2973,19,3,1,2,3,1,0,0,0
No,31,616,12,3,1,3,2,1,4,5855,11,3,10,2,1,9,7,8,5
No,40,1469,9,4,2,3,1,7,2,3617,14,3,3,2,3,1,1,0,0
No,32,498,3,4,1,3,2,5,1,6725,12,3,8,2,4,8,7,6,3
Yes,36,530,3,1,2,2,3,8,4,10325,11,3,16,6,3,16,7,3,7
No,33,1069,1,3,1,2,2,1,4,6949,14,3,6,3,3,5,0,1,4
Yes,37,625,1,4,2,2,3,8,3,10609,11,3,17,2,1,14,1,11,7
No,45,805,4,2,2,3,2,3,2,4447,12,3,9,5,2,9,7,0,8
No,29,1404,20,3,1,3,1,9,4,2157,15,3,3,5,3,3,1,0,2
No,35,1219,18,3,1,3,2,8,3,4601,16,3,5,3,3,5,2,1,0
No,52,1053,1,2,2,3,4,4,4,17099,15,3,26,2,2,9,8,7,8
Yes,58,289,2,3,2,3,1,7,3,2479,24,4,7,4,3,1,0,0,0
No,53,1376,2,2,2,3,4,4,3,14852,13,3,22,3,4,17,13,15,2
No,30,231,8,2,2,3,3,8,3,7264,11,3,10,2,4,8,4,7,7
No,38,152,10,3,1,3,2,8,4,5666,13,3,6,1,3,5,3,1,3
No,35,882,3,4,2,3,3,8,4,7823,13,3,12,2,3,10,9,0,8
No,39,903,2,5,2,4,3,8,3,7880,18,3,9,3,3,8,7,0,7
Yes,40,1479,24,3,1,4,4,8,2,13194,16,3,22,2,2,1,0,0,0
No,47,1379,16,4,2,4,2,5,3,5067,19,3,20,3,4,19,10,2,7
No,36,1229,8,4,2,3,2,8,4,5079,13,3,12,3,3,7,7,0,7
Yes,31,335,9,2,2,2,1,7,1,2321,22,4,4,0,3,3,2,1,2
No,33,722,17,3,2,3,4,4,3,17444,11,3,10,2,3,10,8,6,0
Yes,29,906,10,3,1,2,1,7,1,2404,20,4,3,5,3,0,0,0,0
No,33,461,13,1,1,3,1,7,4,3452,18,3,5,4,3,3,2,0,2
No,45,974,1,4,1,3,1,3,4,2270,14,3,8,2,3,5,3,0,2
No,50,1126,1,2,2,3,4,6,4,17399,22,4,32,1,2,5,4,1,3
No,33,827,1,4,1,4,2,1,2,5488,13,3,6,2,3,6,5,1,2
No,41,840,9,3,2,3,5,6,3,19419,17,3,21,2,4,18,16,0,11
No,27,1134,16,4,1,3,1,3,2,2811,14,3,4,2,3,2,2,2,2
No,45,248,23,2,2,3,2,3,1,3633,15,3,9,2,3,9,8,0,8
No,47,955,4,2,1,3,2,8,4,4163,17,3,9,0,3,9,0,0,7
Yes,30,138,22,3,1,3,1,7,3,2132,11,3,7,2,3,5,2,0,1
No,50,939,24,3,2,3,4,5,3,13973,18,3,22,2,3,12,11,1,5
No,38,1391,10,1,2,3,1,7,3,2684,17,3,3,0,2,2,1,0,2
No,46,566,7,2,2,3,3,5,3,10845,13,3,13,3,3,8,7,0,7
No,24,1206,17,1,1,2,2,5,3,4377,15,3,5,6,3,4,2,3,2
Yes,35,622,14,4,2,2,1,3,2,3743,24,4,5,2,1,4,2,0,2
No,31,853,1,1,1,3,2,5,1,4148,12,3,4,1,3,4,3,0,3
No,18,287,5,2,2,3,1,7,4,1051,15,3,0,2,3,0,0,0,0
No,54,1441,17,3,1,3,3,5,3,10739,11,3,22,2,3,10,7,0,8
No,35,583,25,4,1,3,3,1,3,10388,11,3,16,3,2,16,10,10,1
No,30,153,8,2,1,4,3,6,1,11416,12,3,9,4,2,8,7,1,7
Yes,20,1097,11,3,1,2,1,7,1,2600,15,3,1,2,3,1,0,0,0
Yes,30,109,5,3,1,3,1,3,2,2422,17,3,4,3,3,3,2,1,2
No,26,1066,2,2,2,4,2,5,4,5472,12,3,8,2,3,8,7,1,3
No,22,217,8,1,2,1,1,3,1,2451,15,3,4,3,2,4,3,1,1
No,48,277,6,3,2,2,2,1,3,4240,13,3,19,0,3,2,2,2,2
No,48,1355,4,4,2,2,3,1,3,10999,14,3,27,3,3,15,11,4,8
No,41,549,7,2,1,3,2,5,3,5003,14,3,8,6,3,2,2,2,1
No,39,466,1,1,1,2,4,5,4,12742,16,3,21,3,3,21,6,11,8
No,27,1055,2,4,1,3,2,5,4,4227,18,3,4,2,3,3,2,2,2
No,35,802,10,3,2,3,1,3,4,3917,20,4,3,4,2,3,2,1,2
No,42,265,5,2,2,3,5,4,3,18303,13,3,21,3,4,1,0,0,0
No,50,804,9,3,2,3,1,3,4,2380,18,3,8,5,3,1,0,0,0
No,59,715,2,3,1,2,4,5,4,13726,13,3,30,4,3,5,3,4,3
Yes,37,1141,11,2,1,1,2,1,2,4777,15,3,15,2,1,1,0,0,0
No,55,135,18,4,2,3,2,1,2,6385,14,3,17,3,3,8,7,6,7
No,41,247,7,1,1,1,5,6,3,19973,22,4,21,3,3,21,16,5,10
No,38,1035,3,4,2,3,2,8,4,6861,12,3,19,1,3,1,0,0,0
Yes,26,265,29,2,2,1,2,8,1,4969,18,3,7,6,3,2,2,2,2
Yes,52,266,2,1,1,1,5,4,4,19845,15,3,33,3,3,32,14,6,9
No,44,1448,28,3,1,4,4,8,4,13320,18,3,23,2,3,12,11,11,11
No,50,145,1,3,1,3,2,8,3,6347,12,3,19,3,3,18,7,0,13
Yes,36,885,16,4,1,4,1,3,1,2743,16,3,18,1,3,17,13,15,14
No,39,945,22,3,1,3,3,5,1,10880,13,3,21,2,3,21,6,2,8
No,33,1038,8,1,1,2,1,9,4,2342,19,3,3,2,2,2,2,2,2
No,45,1234,11,2,1,3,4,4,4,17650,13,3,26,4,4,9,3,1,1
No,32,1109,29,4,1,3,1,3,3,4025,12,3,10,2,3,8,7,7,7
No,34,216,1,4,2,4,2,8,4,9725,11,3,16,2,2,15,1,0,9
No,59,1089,1,2,2,3,3,4,4,11904,14,3,14,1,1,6,4,0,4
No,45,788,24,4,2,3,1,2,2,2177,16,3,6,3,3,6,3,0,4
No,53,124,2,3,1,2,3,8,2,7525,12,3,30,2,3,15,7,6,12
Yes,36,660,15,3,2,3,2,3,3,4834,14,3,9,3,2,1,0,0,0
Yes,26,342,2,3,2,3,1,7,1,2042,14,3,6,2,3,3,2,1,2
No,34,1333,10,4,1,3,1,9,3,2220,19,3,1,2,3,1,1,0,0
No,28,1144,10,1,2,3,1,9,2,1052,22,4,1,5,3,1,0,0,0
No,38,1186,3,4,2,3,1,7,3,2821,16,3,8,2,3,2,2,2,2
No,50,1464,2,4,2,3,5,6,3,19237,11,3,29,2,2,8,1,7,7
No,37,124,3,3,1,3,2,1,2,4107,15,3,8,3,2,4,3,0,1
No,40,300,26,3,2,3,2,8,1,8396,14,3,8,3,2,7,7,7,5
No,26,921,1,1,1,2,1,7,3,2007,13,3,5,5,3,5,3,1,3
No,46,430,1,4,2,3,5,6,4,19627,17,3,23,0,3,2,2,2,2
No,54,1082,2,4,1,2,3,8,3,10686,11,3,13,4,3,9,4,7,0
No,56,1240,9,3,1,3,1,7,3,2942,19,3,18,4,3,5,4,0,3
No,36,796,12,5,1,2,3,5,4,8858,11,3,15,2,2,14,8,7,8
No,55,444,2,1,2,2,4,4,1,16756,15,3,31,3,4,9,7,6,2
No,43,415,25,3,2,2,3,8,4,10798,13,3,18,5,3,1,0,0,0
Yes,20,769,9,3,1,3,1,9,4,2323,14,3,2,3,3,2,2,0,2
Yes,21,1334,10,3,1,2,1,3,1,1416,13,3,1,6,2,1,0,1,0
No,46,1003,8,4,1,2,2,7,1,4615,23,4,19,2,3,16,13,1,7
Yes,51,1323,4,4,2,3,1,7,3,2461,12,3,18,2,4,10,0,2,7
Yes,28,1366,24,2,2,2,3,1,1,8722,12,3,10,2,2,10,7,1,9
No,26,192,1,2,2,2,1,3,1,3955,16,3,6,2,3,5,3,1,3
No,30,1176,20,3,2,3,2,5,1,9957,15,3,7,1,2,6,2,0,2
No,41,509,7,2,1,4,1,7,3,3376,13,3,10,3,3,10,6,0,8
No,38,330,17,1,1,2,3,1,3,8823,18,3,20,4,2,19,9,1,9
No,40,1492,20,4,2,3,3,1,4,10322,20,4,14,6,3,11,10,11,1
No,27,1277,8,5,2,1,1,3,3,4621,19,3,3,4,3,3,2,1,2
No,55,1091,2,1,2,3,3,5,2,10976,18,3,23,4,3,3,2,1,2
No,28,857,10,3,1,3,2,7,3,3660,13,3,10,4,4,8,7,1,7
Yes,44,1376,1,2,2,2,3,2,1,10482,14,3,24,1,3,20,6,3,6
No,33,654,5,3,2,2,3,1,4,7119,15,3,9,2,3,3,2,1,2
Yes,35,1204,4,3,2,3,3,8,1,9582,22,4,9,2,3,8,7,4,7
Yes,33,827,29,4,1,2,2,7,3,4508,22,4,14,4,3,13,7,3,8
No,28,895,15,2,2,3,1,3,3,2207,16,3,4,5,2,4,2,2,2
No,34,618,3,1,2,3,2,1,4,7756,17,3,7,1,2,6,2,0,4
No,37,309,10,4,1,2,2,8,4,6694,14,3,8,5,3,1,0,0,0
Yes,25,1219,4,1,2,3,1,3,4,3691,15,3,7,3,4,7,7,5,6
Yes,26,1330,21,3,2,3,1,3,3,2377,20,4,1,0,2,1,1,0,0
Yes,33,1017,25,3,2,2,1,7,2,2313,20,4,5,0,3,2,2,2,2
No,42,469,2,2,2,3,4,4,1,17665,17,3,23,3,3,22,6,13,7
Yes,28,1009,1,3,2,2,1,3,2,2596,15,3,1,2,3,1,0,0,0
Yes,50,959,1,4,2,3,2,8,3,4728,14,3,5,4,3,0,0,0,0
No,33,970,7,3,1,3,2,8,2,4302,17,3,4,3,3,3,2,0,2
No,34,697,3,4,2,2,1,7,4,2979,17,3,6,2,3,0,0,0,0
No,48,1262,1,4,2,4,4,4,4,16885,22,4,27,3,2,5,4,2,1
No,45,1050,9,4,1,2,2,8,3,5593,13,3,15,2,3,15,10,4,12
No,52,994,7,4,2,3,3,1,2,10445,19,3,18,4,3,8,6,4,0
No,38,770,10,4,2,2,3,8,3,8740,14,3,9,2,3,8,7,2,7
No,29,1107,28,4,1,3,1,7,4,2514,22,4,11,1,3,7,5,1,7
No,28,950,3,3,1,3,3,5,2,7655,17,3,10,3,2,9,7,1,7
No,46,406,3,1,2,3,4,4,3,17465,12,3,23,3,3,12,9,4,9
No,38,130,2,2,2,3,3,8,2,7351,16,3,10,2,3,1,0,0,0
No,43,1082,27,3,1,3,3,5,1,10820,11,3,18,1,3,8,7,0,1
Yes,39,203,2,3,2,3,4,1,4,12169,11,3,21,4,3,18,7,11,5
No,40,1308,14,3,2,2,5,6,3,19626,14,3,21,2,4,20,7,4,9
No,21,984,1,1,1,2,1,7,2,2070,11,3,2,6,4,2,2,2,2
No,39,439,9,3,2,3,2,3,2,6782,15,3,9,2,2,5,4,0,3
No,36,217,18,4,2,3,2,5,4,7779,20,4,18,0,3,11,9,0,9
No,31,793,20,3,2,4,1,9,4,2791,12,3,3,4,3,2,2,2,2
No,28,1451,2,1,2,2,1,7,2,3201,17,3,6,2,1,5,3,0,4
No,35,1182,11,2,2,3,2,8,4,4968,11,3,5,3,3,5,2,0,2
No,49,174,8,4,2,2,4,8,2,13120,17,3,22,3,3,9,8,2,3
No,34,1003,2,2,2,3,2,5,3,4033,11,3,5,3,2,3,2,0,2
No,29,490,10,3,1,3,1,7,2,3291,14,3,8,2,2,7,5,1,1
No,42,188,29,3,2,1,2,3,4,4272,19,3,16,3,3,1,0,0,0
No,29,718,8,1,2,2,2,5,4,5056,15,3,10,2,2,10,7,1,2
No,38,433,1,3,2,4,1,2,3,2844,13,3,7,2,4,7,6,5,0
No,28,773,6,3,2,2,1,7,3,2703,14,3,3,2,3,3,1,0,2
Yes,18,247,8,1,2,3,1,3,3,1904,12,3,0,0,3,0,0,0,0
Yes,33,603,9,4,1,3,2,8,1,8224,17,3,6,3,3,5,2,0,3
No,41,167,12,4,2,3,1,3,4,4766,11,3,6,4,3,1,0,0,0
Yes,31,874,15,3,2,3,1,3,3,2610,12,3,2,5,2,2,2,2,2
No,37,367,25,2,1,2,2,1,4,5731,13,3,9,2,3,6,2,1,3
No,27,199,6,3,2,2,1,7,3,2539,13,3,4,0,3,4,2,2,2
No,34,1400,9,1,1,3,2,8,3,5714,20,4,6,3,2,6,5,1,3
No,35,528,8,4,2,3,1,2,3,4323,17,3,6,2,1,5,4,1,4
Yes,29,408,23,1,1,2,3,8,1,7336,13,3,11,3,1,11,8,3,10
No,40,593,9,4,1,3,3,6,3,13499,17,3,20,3,2,18,7,2,13
Yes,42,481,12,3,2,3,4,8,1,13758,12,3,22,2,2,21,9,13,14
No,42,647,4,4,2,3,2,8,1,5155,13,3,9,3,4,6,4,1,5
No,35,982,1,4,2,2,1,3,3,2258,12,3,10,2,3,8,0,1,7
No,24,477,24,3,2,3,1,3,2,3597,22,4,6,2,3,4,3,1,2
Yes,28,1485,12,1,1,3,1,3,4,2515,11,3,1,4,2,1,1,0,0
No,26,1384,3,4,2,4,1,3,4,4420,22,4,8,2,3,8,7,0,7
No,30,852,10,3,2,2,2,8,3,6578,18,3,10,3,3,10,3,1,4
No,40,902,26,2,1,2,2,7,4,4422,13,3,16,3,1,1,1,0,0
No,35,819,2,3,2,2,3,5,2,10274,18,3,15,2,4,7,7,6,4
No,34,669,1,3,2,2,2,1,1,5343,20,4,14,3,3,13,9,4,9
No,35,636,4,4,2,2,1,3,4,2376,13,3,2,2,4,2,2,2,2
Yes,43,1372,9,3,1,1,2,8,3,5346,13,3,7,2,2,4,3,1,3
No,32,862,2,1,1,3,1,9,1,2827,12,3,1,3,3,1,0,0,0
No,56,718,4,4,1,3,5,4,1,19943,13,3,28,2,3,5,2,4,2
No,29,1401,6,1,1,3,1,3,4,3131,13,3,10,5,3,10,8,0,8
No,19,645,9,2,2,3,1,7,1,2552,25,4,1,4,3,1,1,0,0
No,45,1457,7,3,1,3,1,7,3,4477,19,3,7,2,2,3,2,0,2
No,37,977,1,3,1,2,2,5,4,6474,13,3,14,2,2,14,8,3,11
No,20,805,3,3,2,2,1,3,3,3033,12,3,2,2,2,2,2,1,2
Yes,44,1097,10,4,2,3,1,7,3,2936,11,3,6,4,3,6,4,0,2
No,53,1223,7,2,1,3,5,4,3,18606,18,3,26,6,3,7,7,4,7
No,29,942,15,1,1,1,1,7,4,2168,18,3,6,2,2,5,4,1,3
Yes,22,1256,3,4,2,2,1,7,4,2853,11,3,1,5,3,0,0,0,0
No,46,1402,2,3,1,3,4,4,1,17048,23,4,28,2,3,26,15,15,9
No,44,111,17,3,2,1,1,7,3,2290,13,3,6,3,3,0,0,0,0
No,33,147,2,3,2,3,1,2,3,3600,13,3,5,2,3,5,4,1,4
Yes,41,906,5,2,2,2,1,7,1,2107,17,3,5,2,1,1,0,0,0
No,30,1329,29,4,2,3,2,8,1,4115,19,3,8,3,3,4,3,0,3
No,40,1184,2,4,2,3,2,8,2,4327,12,3,5,2,3,0,0,0,0
No,50,1421,2,3,1,3,4,4,1,17856,22,4,32,3,3,2,2,2,2
No,28,1179,19,4,2,2,1,3,1,3196,12,3,6,2,3,6,5,3,3
No,46,1450,15,2,2,3,5,6,2,19081,11,3,25,2,3,4,2,0,3
No,35,1361,17,4,2,3,2,8,1,8966,15,3,15,2,3,7,7,1,7
Yes,24,984,17,2,1,3,1,3,2,2210,13,3,1,3,1,1,0,0,0
No,33,1146,25,3,1,3,2,8,3,4539,12,3,10,3,2,10,7,0,1
No,36,917,6,4,2,1,1,3,3,2741,14,3,7,4,3,7,7,1,7
No,30,853,7,4,2,3,2,3,3,3491,13,3,10,4,2,10,7,8,9
No,44,200,29,4,2,3,2,7,4,4541,25,4,20,3,3,20,11,13,17
No,20,654,21,3,2,4,1,9,4,2678,17,3,2,2,3,2,1,2,2
No,46,150,2,4,2,3,2,5,4,7379,11,3,12,3,2,6,3,1,4
No,42,179,2,5,2,4,2,2,1,6272,16,3,10,3,4,4,3,0,3
No,60,696,7,4,2,4,2,8,4,5220,18,3,12,3,3,11,7,1,9
No,32,116,13,3,1,2,1,3,2,2743,20,4,2,2,3,2,2,2,2
No,32,1316,2,2,1,3,2,7,3,4998,14,3,10,2,3,8,7,0,7
No,36,363,1,3,1,1,3,5,1,10252,21,4,17,2,3,7,7,7,7
No,33,117,9,3,2,3,1,7,4,2781,13,3,15,5,3,14,10,4,10
No,40,107,10,3,1,2,2,8,2,6852,12,3,7,2,4,5,1,1,3
No,25,1356,10,4,2,3,2,8,4,4950,14,3,5,4,3,4,3,1,1
No,30,1465,1,3,2,3,1,7,2,3579,21,4,12,2,3,11,9,5,7
No,42,458,26,5,1,3,3,6,1,13191,17,3,20,6,3,1,0,0,0
No,35,1212,8,2,1,2,3,8,4,10377,11,3,16,6,2,13,2,4,12
No,27,1103,14,3,2,3,1,7,1,2235,14,3,9,3,2,9,7,6,8
No,54,966,1,4,1,3,3,5,3,10502,17,3,33,2,1,5,4,1,4
No,44,1117,2,1,1,4,1,7,4,2011,13,3,10,5,3,10,5,7,7
Yes,19,504,10,3,1,2,1,7,2,1859,25,4,1,2,4,1,1,0,0
No,29,1010,1,3,1,3,1,7,4,3760,15,3,3,5,3,3,2,1,2
No,54,685,3,3,2,3,4,6,4,17779,14,3,36,2,3,10,9,0,9
No,31,1332,11,2,2,3,2,1,1,6833,12,3,6,2,2,6,5,0,1
No,31,1062,24,3,1,2,2,1,1,6812,19,3,10,2,3,10,9,1,8
No,59,326,3,3,1,2,2,8,4,5171,17,3,13,2,3,6,1,0,5
No,43,920,3,3,2,1,5,6,4,19740,14,3,25,2,3,8,7,0,7
No,49,1098,4,2,2,2,5,4,3,18711,13,3,23,2,4,1,0,0,0
No,36,469,3,3,2,3,1,7,2,3692,12,3,12,2,2,11,10,0,7
No,48,969,2,2,2,4,1,3,2,2559,11,3,7,4,2,1,0,0,0
No,27,1167,4,2,2,3,1,7,3,2517,11,3,5,2,3,5,3,0,3
No,29,1329,7,3,2,3,2,1,4,6623,11,3,6,2,3,6,0,1,0
No,48,715,1,3,2,2,5,6,4,18265,12,3,25,3,4,1,0,0,0
No,29,694,1,3,1,2,4,6,4,16124,14,3,9,2,2,7,7,1,7
No,34,1320,20,3,1,4,1,7,3,2585,17,3,2,5,2,1,0,0,0
No,44,1099,5,3,2,3,5,4,2,18213,11,3,26,5,3,22,9,3,10
No,33,536,10,5,2,4,3,8,3,8380,14,3,10,3,3,9,8,0,8
No,19,265,25,3,1,4,1,7,4,2994,12,3,1,2,3,1,0,0,1
No,23,373,1,2,2,3,1,7,3,1223,22,4,1,2,3,1,0,0,1
Yes,25,599,24,1,2,1,1,9,4,1118,14,3,1,4,3,1,0,1,0
No,26,583,4,2,2,3,1,7,4,2875,20,4,8,2,2,8,5,2,2
Yes,45,1449,2,3,1,1,5,4,2,18824,16,3,26,2,3,24,10,1,11
No,55,177,8,1,2,2,4,1,2,13577,15,3,34,3,3,33,9,15,0
Yes,21,251,10,2,1,2,1,3,3,2625,20,4,2,2,1,2,2,2,2
No,46,168,4,2,1,2,5,4,2,18789,14,3,26,2,3,11,4,0,8
No,34,131,2,3,1,3,2,8,1,4538,12,3,4,3,3,3,2,0,2
No,51,237,9,3,2,3,5,4,2,19847,24,4,31,5,2,29,10,11,10
No,59,1429,18,4,2,3,3,5,4,10512,12,3,25,6,2,9,7,5,4
No,34,135,19,3,1,3,2,3,2,4444,13,3,15,2,4,11,8,5,10
No,28,791,1,4,2,3,1,3,3,2154,11,3,5,2,2,4,2,0,2
No,44,1199,4,2,2,4,5,4,1,19190,14,3,26,4,2,25,9,14,13
No,34,648,11,3,2,2,2,2,2,4490,11,3,14,5,4,10,9,1,8
No,35,735,6,1,2,3,1,7,3,3506,14,3,4,3,3,3,2,2,2
No,42,603,7,4,1,4,2,7,2,2372,16,3,18,2,3,1,0,0,0
No,43,531,4,4,1,2,3,8,4,10231,14,3,23,3,4,21,7,15,17
No,36,429,2,4,1,3,2,5,2,5410,11,3,18,2,3,16,14,5,12
Yes,44,621,15,3,1,3,3,1,4,7978,11,3,10,2,3,10,7,0,5
No,28,193,2,3,2,2,1,3,4,3867,12,3,2,2,3,2,2,2,2
No,51,968,6,2,1,2,1,3,3,2838,14,3,8,6,2,7,0,7,7
No,30,879,9,2,1,3,2,5,3,4695,18,3,10,3,3,8,4,1,7
Yes,29,806,7,3,1,3,1,3,3,3339,13,3,10,2,3,7,7,7,7
No,28,640,1,3,2,3,1,7,1,2080,11,3,5,2,2,3,2,1,2
No,25,266,1,3,1,3,1,7,2,2096,18,3,2,3,2,2,2,2,1
No,32,604,8,3,2,4,2,8,4,6209,15,3,10,4,4,10,7,0,8
No,45,364,25,3,1,3,5,4,2,18061,22,4,22,4,3,0,0,0,0
No,39,412,13,4,1,2,4,4,2,17123,13,3,21,4,3,19,9,15,2
No,58,848,23,4,2,3,1,7,3,2372,12,3,2,3,3,2,2,2,2
Yes,32,1089,7,2,2,3,2,3,3,4883,18,3,10,3,3,10,4,1,1
Yes,39,360,23,3,2,3,1,7,1,3904,13,3,6,2,3,5,2,0,3
No,30,1138,6,3,1,2,2,3,4,4627,12,3,10,6,3,9,2,6,7
No,36,325,10,4,1,3,3,1,3,7094,12,3,10,0,3,7,7,1,7
No,46,991,1,2,1,3,1,2,1,3423,12,3,10,3,4,7,6,5,7
No,28,1476,1,3,1,1,2,3,4,6674,11,3,10,6,3,9,8,7,5
No,50,1322,28,3,1,3,4,6,1,16880,11,3,25,2,3,3,2,1,2
Yes,40,299,25,4,2,2,3,8,2,9094,12,3,9,2,3,5,4,1,0
Yes,52,1030,5,3,2,3,3,8,2,8446,19,3,10,2,2,8,7,7,7
No,30,634,17,4,1,3,3,4,1,11916,23,4,9,2,3,9,1,0,8
No,39,524,18,2,2,3,2,5,3,4534,11,3,9,6,3,8,7,1,7
No,31,587,2,4,1,3,3,8,3,9852,19,3,10,5,2,10,8,9,6
No,41,256,10,2,2,1,2,8,2,6151,13,3,19,4,3,19,2,11,9
Yes,31,1060,1,3,1,3,1,9,2,2302,11,3,3,2,4,3,2,2,2
Yes,44,935,3,3,2,3,1,3,1,2362,12,3,10,4,4,3,2,1,2
No,42,495,2,1,2,3,4,4,3,17861,13,3,21,3,2,20,8,2,10
No,55,282,2,2,1,1,5,4,3,19187,14,3,23,5,3,19,9,9,11
No,56,206,8,4,2,3,5,4,2,19717,14,3,36,4,3,7,3,7,7
No,40,458,16,2,2,3,1,7,3,3544,16,3,6,0,3,4,2,0,0
No,34,943,9,3,2,3,3,1,4,8500,11,3,10,0,2,9,7,1,6
No,40,523,2,3,2,3,2,7,4,4661,13,3,9,4,3,9,8,8,8
No,41,1018,1,3,1,3,2,8,1,4103,17,3,10,2,3,9,3,1,7
No,35,482,4,4,2,3,2,7,3,4249,11,3,9,3,3,9,6,1,1
No,51,770,5,3,2,3,4,4,2,14026,11,3,33,2,3,33,9,0,10
No,38,1009,2,2,1,3,2,8,1,6893,15,3,11,3,3,7,7,1,7
No,34,507,15,2,1,3,2,8,1,6125,12,3,10,6,4,10,8,9,6
No,25,882,19,1,2,3,1,3,4,3669,11,3,7,6,2,3,2,1,2
Yes,58,601,7,4,1,2,3,5,1,10008,14,3,31,0,2,10,9,5,9
No,40,329,1,4,2,3,1,3,2,2387,22,4,7,3,3,4,2,0,3
No,36,607,7,3,1,4,2,8,1,4639,16,3,17,2,2,15,7,6,13
No,48,855,4,3,2,3,3,5,4,7898,11,3,11,2,3,10,9,0,8
No,27,1291,11,3,1,4,1,9,4,2534,14,3,5,4,3,1,0,0,0
No,51,1405,11,2,1,2,4,5,2,13142,16,3,29,1,2,5,2,0,3
No,18,1124,1,3,1,3,1,3,4,1611,15,3,0,5,4,0,0,0,0
No,35,817,1,3,1,2,2,3,4,5363,12,3,10,0,3,9,7,0,0
No,27,793,2,1,2,1,2,8,4,5071,20,4,8,3,3,6,2,0,0
Yes,55,267,13,4,2,4,4,8,3,13695,17,3,24,2,2,19,7,3,8
No,56,1369,23,3,2,3,4,5,2,13402,12,3,33,0,3,19,16,15,9
No,34,999,26,1,1,2,1,7,3,2029,20,4,5,2,3,5,4,0,0
No,40,1202,2,1,1,4,2,1,3,6377,20,4,15,0,3,12,11,11,8
No,34,285,29,3,2,3,2,3,3,5429,13,3,10,1,3,8,7,7,7
Yes,31,703,2,3,1,2,1,9,4,2785,14,3,3,3,4,1,0,0,0
Yes,35,662,18,4,1,3,2,8,3,4614,18,3,5,0,2,4,2,3,2
No,38,693,7,3,2,4,1,7,3,2610,11,3,4,2,3,4,2,0,3
No,34,404,2,4,1,3,2,1,4,6687,11,3,14,2,4,14,11,4,11
No,28,736,26,3,2,2,2,8,1,4724,11,3,5,0,3,5,3,0,4
Yes,31,330,22,4,2,3,2,5,3,6179,15,3,10,3,2,10,2,6,7
No,39,1498,21,4,2,2,2,8,4,6120,12,3,8,2,4,5,4,1,4
No,51,541,2,3,2,3,3,8,2,10596,11,3,14,5,3,4,2,3,2
No,41,1200,22,3,1,3,2,7,4,5467,14,3,12,4,2,6,2,3,3
No,37,1439,4,1,2,3,1,7,3,2996,15,3,8,2,3,6,4,1,3
No,33,1111,5,1,2,3,2,8,4,9998,13,3,8,2,4,5,4,1,2
No,32,499,2,1,2,3,2,8,2,4078,13,3,4,3,2,3,2,1,2
No,39,1485,25,2,2,3,3,1,3,10920,21,4,13,2,3,6,4,0,5
No,25,1372,18,1,2,4,2,8,3,6232,11,3,6,3,2,3,2,1,2
No,52,322,28,2,1,4,4,5,3,13247,11,3,24,3,2,5,3,0,2
No,43,930,6,3,1,2,2,7,3,4081,14,3,20,3,1,20,7,1,8
No,27,205,10,3,1,2,2,8,4,5769,11,3,6,3,3,6,2,4,4
Yes,27,135,17,4,1,3,1,7,3,2394,13,3,8,2,3,8,2,7,7
No,26,683,2,1,2,2,1,7,4,3904,12,3,5,2,3,4,3,1,1
No,42,1147,10,3,1,3,4,4,1,16799,14,3,21,5,3,20,7,0,9
No,52,258,8,4,1,3,1,3,1,2950,13,3,12,2,1,5,4,0,4
No,37,1462,11,3,1,3,1,3,3,3629,18,3,8,6,3,3,2,0,2
No,35,200,18,2,2,3,3,5,4,9362,11,3,10,2,3,2,2,2,2
No,25,949,1,3,2,3,1,3,4,3229,11,3,7,2,2,3,2,0,2
No,26,652,7,3,2,4,1,3,1,3578,12,3,8,2,3,7,7,0,7
No,29,332,17,3,2,2,3,2,1,7988,13,3,10,3,2,10,9,0,9
Yes,49,1475,28,2,2,2,2,3,1,4284,20,4,20,2,3,4,3,1,3
Yes,29,337,14,1,1,3,3,1,4,7553,12,3,9,1,3,8,7,7,7
No,54,971,1,3,1,3,4,6,4,17328,19,3,29,3,2,20,7,12,7
No,58,1055,1,3,1,3,5,6,1,19701,21,4,32,3,3,9,8,1,5
No,55,1136,1,4,2,4,4,6,4,14732,13,3,31,4,4,7,7,0,0
No,36,1174,3,4,1,3,2,8,2,9278,16,3,15,3,3,5,4,0,1
Yes,31,667,1,4,1,1,1,9,3,1359,12,3,1,3,3,1,0,0,0
No,30,855,7,4,1,3,2,8,1,4779,14,3,8,3,3,3,2,0,2
No,31,182,8,5,1,3,4,6,2,16422,11,3,9,3,4,3,2,1,0
No,34,560,1,4,2,3,1,7,1,2996,14,3,10,2,3,4,3,1,3
Yes,31,202,8,3,1,2,1,7,2,1261,12,3,1,3,4,1,0,0,0
No,27,1377,11,1,2,3,1,3,1,2099,14,3,6,3,4,5,0,1,4
No,36,172,4,4,2,2,2,3,4,5810,16,3,10,2,2,10,4,1,8
No,36,329,16,4,1,2,2,8,1,5647,13,3,11,3,2,3,2,0,2
No,47,465,1,3,2,3,1,7,4,3420,12,3,17,2,2,6,5,1,2
Yes,25,383,9,2,2,2,1,9,1,4400,12,3,6,2,3,3,2,2,2
No,37,1413,5,2,2,4,1,3,3,3500,14,3,7,2,1,6,5,1,3
No,56,1255,1,2,1,3,1,7,1,2066,22,4,5,3,4,3,2,1,0
No,47,359,2,4,1,3,4,6,3,17169,19,3,26,2,4,20,17,5,6
No,24,1476,4,1,1,3,2,8,3,4162,12,3,5,3,3,5,4,0,3
No,32,601,7,5,2,3,2,8,4,9204,12,3,7,3,2,4,3,0,3
No,34,401,1,3,1,2,1,3,2,3294,17,3,7,2,2,5,4,0,2
No,41,1283,5,5,2,4,1,7,3,2127,12,3,7,5,2,4,2,0,3
No,40,663,9,4,2,3,2,3,3,3975,11,3,11,2,4,8,7,0,7
No,31,326,8,2,2,3,3,8,4,10793,18,3,13,5,3,13,7,9,9
Yes,46,377,9,3,2,3,3,8,4,10096,11,3,28,1,4,7,7,4,3
Yes,39,592,2,3,1,2,1,3,1,3646,23,4,11,2,4,1,0,0,0
Yes,31,1445,1,5,1,4,3,5,2,7446,11,3,10,2,3,10,8,4,7
No,45,1038,20,3,2,1,3,1,1,10851,18,3,24,2,3,7,7,0,7
No,31,1398,8,2,1,4,1,2,2,2109,18,3,8,3,3,3,2,0,2
Yes,31,523,2,3,2,3,1,3,4,3722,13,3,7,2,1,2,2,2,2
No,45,1448,29,3,2,3,3,5,4,9380,18,3,10,4,4,3,1,1,2
No,48,1221,7,3,2,3,2,8,1,5486,11,3,15,3,3,2,2,2,2
Yes,34,1107,9,4,1,3,1,2,3,2742,15,3,2,0,3,2,2,2,2
No,40,218,8,1,2,2,3,6,2,13757,11,3,16,5,3,9,8,4,8
No,28,866,5,3,2,3,2,8,1,8463,18,3,6,4,3,5,4,1,3
No,44,981,5,3,2,2,1,3,3,3162,14,3,7,5,3,5,2,0,3
No,53,447,2,3,2,4,4,6,2,16598,12,3,35,2,2,9,8,8,8
No,49,1495,5,4,2,3,2,1,3,6651,14,3,20,0,2,3,2,1,2
No,40,896,2,3,2,3,1,7,3,2345,14,3,8,3,4,3,1,1,2
No,44,1467,20,3,2,3,1,7,2,3420,13,3,6,3,2,5,2,1,3
No,33,430,7,3,2,3,2,8,1,4373,14,3,5,2,3,4,3,0,3
No,34,1326,3,3,2,1,2,8,1,4759,18,3,15,2,3,13,9,3,12
No,30,1358,16,1,2,3,2,8,3,5301,15,3,4,2,2,2,1,2,2
No,42,748,9,2,1,3,1,3,4,3673,13,3,12,3,3,12,9,5,8
No,44,383,1,5,1,3,2,8,3,4768,12,3,11,4,2,1,0,0,0
No,30,990,7,3,2,3,1,7,3,1274,13,3,1,2,2,1,0,0,0
No,57,405,1,2,2,4,2,7,3,4900,24,4,13,2,2,12,9,2,8
No,49,1490,7,4,2,3,3,1,2,10466,14,3,29,3,3,8,7,0,7
No,34,829,15,3,2,3,4,6,1,17007,14,3,16,3,2,14,8,6,9
Yes,28,1496,1,3,2,3,1,9,3,2909,15,3,5,3,4,3,2,1,2
Yes,29,115,13,3,1,3,2,8,2,5765,11,3,7,4,1,5,3,0,0
Yes,34,790,24,4,1,2,2,8,2,4599,23,4,16,2,4,15,9,10,10
No,35,660,7,1,2,3,1,9,3,2404,13,3,1,3,3,1,0,0,0
Yes,24,381,9,3,2,3,1,3,1,3172,11,3,4,2,2,0,0,0,0
No,24,830,13,2,1,3,1,9,2,2033,13,3,1,2,3,1,0,0,0
No,44,1193,2,1,2,3,3,5,3,10209,18,3,16,2,2,2,2,2,2
No,29,1246,19,3,2,2,2,8,3,8620,14,3,10,3,3,10,7,0,4
No,30,330,1,3,2,3,1,2,3,2064,21,4,6,3,4,5,3,1,3
No,55,1229,4,4,2,3,2,1,3,4035,16,3,4,2,3,3,2,1,2
No,33,1099,4,4,1,2,1,3,2,3838,11,3,8,5,3,5,4,0,2
No,47,571,14,3,1,3,2,8,3,4591,17,3,11,4,2,5,4,1,2
Yes,28,289,2,2,2,2,1,3,1,2561,11,3,8,2,2,0,0,0,0
No,28,1423,1,3,2,2,1,7,3,1563,14,3,1,2,1,1,0,0,0
No,28,467,7,3,2,3,2,8,1,4898,14,3,5,5,3,4,2,1,3
No,49,271,3,2,1,2,2,3,1,4789,25,4,10,3,3,3,2,1,2
No,29,410,2,1,1,3,1,3,2,3180,13,3,4,3,3,3,2,0,2
No,28,1083,29,1,2,1,2,5,2,6549,14,3,8,2,2,8,6,1,7
No,33,516,8,5,2,3,2,1,3,6388,17,3,14,6,3,0,0,0,0
No,32,495,10,3,2,3,3,4,4,11244,25,4,10,5,4,5,2,0,0
No,54,1050,11,4,1,3,4,4,4,16032,20,4,26,2,3,14,9,1,12
Yes,29,224,1,4,2,2,1,7,1,2362,13,3,11,2,1,9,7,0,7
No,44,136,28,3,2,3,4,6,1,16328,13,3,24,1,4,20,6,14,17
No,39,1089,6,3,1,3,3,5,2,8376,18,3,9,3,3,2,0,2,2
No,46,228,3,3,1,3,4,4,2,16606,12,3,23,2,4,13,12,5,1
No,35,1029,16,3,1,2,3,1,2,8606,19,3,11,3,1,11,8,3,3
No,23,507,20,1,2,3,2,3,3,2272,14,3,5,2,3,4,3,1,2
Yes,40,676,9,4,2,3,1,3,1,2018,14,3,15,3,1,5,4,1,0
No,34,971,1,3,2,2,3,8,3,7083,14,3,10,3,3,10,9,8,6
Yes,31,561,3,3,1,3,1,7,3,4084,12,3,7,2,1,7,2,7,7
No,50,333,22,5,2,1,4,6,4,14411,13,3,32,2,3,32,6,13,9
No,34,1440,7,2,2,3,1,9,3,2308,25,4,12,4,3,11,10,5,7
No,42,1210,2,3,2,2,1,3,2,4841,14,3,4,3,3,1,0,0,0
No,37,674,13,3,2,3,2,7,4,4285,17,3,10,2,3,10,8,3,7
No,29,441,8,1,1,1,2,1,1,9715,13,3,9,3,3,7,7,0,7
No,33,575,25,3,2,2,2,5,2,4320,13,3,5,2,3,5,3,0,2
No,45,950,28,3,2,3,1,7,4,2132,20,4,8,3,3,5,4,0,3
No,42,288,2,3,2,3,3,1,4,10124,14,3,24,3,1,20,8,13,9
No,40,1342,9,2,2,3,2,8,1,5473,12,3,9,5,4,8,4,7,1
No,33,589,28,4,2,3,2,3,3,5207,12,3,15,3,3,15,14,5,7
No,40,898,6,2,2,3,4,4,4,16437,21,4,21,2,3,21,7,7,7
No,24,350,21,2,2,2,1,3,1,2296,14,3,2,3,3,1,1,0,0
No,40,1142,8,2,2,3,2,1,4,4069,18,3,8,2,3,2,2,2,2
No,45,538,1,4,2,3,3,1,2,7441,12,3,10,4,3,10,8,7,7
No,35,1402,28,4,1,2,1,9,3,2430,23,4,6,5,3,5,3,4,2
No,32,824,5,2,1,2,2,7,2,5878,12,3,12,2,3,7,1,2,5
No,36,1157,2,4,2,3,1,9,4,2644,21,4,7,3,2,3,2,1,2
No,48,492,16,4,1,3,2,8,3,6439,14,3,18,2,3,8,7,7,7
No,29,598,9,3,2,4,1,7,3,2451,18,3,5,2,2,1,0,0,0
No,33,1242,8,4,2,3,2,8,1,6392,13,3,8,6,1,2,2,2,2
Yes,30,740,1,3,2,2,2,8,1,9714,11,3,10,4,3,10,8,6,7
No,38,888,10,4,2,3,2,2,3,6077,11,3,10,2,3,6,3,1,2
No,35,992,1,3,2,2,1,3,1,2450,19,3,3,3,3,3,0,1,2
No,30,1288,29,4,2,3,3,8,2,9250,12,3,9,3,3,4,2,1,3
Yes,35,104,2,3,1,3,1,3,1,2074,12,3,1,2,3,1,0,0,0
Yes,53,607,2,5,1,2,3,5,4,10169,16,3,34,4,3,33,7,1,9
Yes,38,903,2,3,2,3,2,5,2,4855,11,3,7,2,3,5,2,1,4
No,32,1200,1,4,2,3,2,7,1,4087,14,3,9,3,2,6,5,1,2
No,48,1108,15,4,1,3,1,7,1,2367,12,3,10,3,2,8,2,7,6
No,34,479,7,4,2,3,1,7,4,2972,13,3,1,4,1,1,0,0,0
No,55,685,26,5,2,2,5,4,4,19586,21,4,36,3,3,36,6,2,13
No,34,1351,1,4,2,3,2,7,4,5484,17,3,9,3,2,2,2,2,1
No,26,474,3,3,1,3,1,7,4,2061,21,4,1,5,3,1,0,0,0
No,38,1245,14,3,2,3,2,8,2,9924,11,3,10,3,3,9,8,7,7
No,38,437,16,3,1,3,2,8,2,4198,12,3,8,5,4,3,2,1,2
No,36,884,1,4,1,3,2,8,3,6815,13,3,15,5,3,1,0,0,0
No,29,1370,3,1,2,3,1,3,1,4723,18,3,10,3,3,10,9,1,5
No,35,670,10,4,1,3,2,1,3,6142,16,3,10,4,3,5,2,0,4
No,39,1462,6,3,2,4,3,8,3,8237,11,3,11,3,3,7,6,7,6
No,29,995,2,1,2,3,2,1,4,8853,19,3,6,0,4,6,4,1,3
No,50,264,9,3,2,3,5,4,3,19331,16,3,27,2,3,1,0,0,0
No,23,977,10,3,2,4,1,7,3,2073,16,3,4,2,3,2,2,2,2
No,36,1302,6,4,2,4,2,3,1,5562,13,3,9,3,3,3,2,0,2
No,42,1059,9,2,2,2,5,4,4,19613,22,4,24,2,3,1,0,0,1
No,35,750,28,3,2,4,2,3,3,3407,17,3,10,3,2,10,9,6,8
No,34,653,10,4,2,2,2,1,3,5063,14,3,8,3,2,8,2,7,7
No,40,118,14,2,1,3,2,8,1,4639,15,3,5,2,3,5,4,1,2
No,43,990,27,3,2,4,1,3,2,4876,12,3,8,0,3,6,4,0,2
No,35,1349,7,2,2,2,1,3,4,2690,18,3,1,5,2,1,0,0,1
No,46,563,1,4,2,4,4,4,1,17567,15,3,27,5,1,26,0,0,12
Yes,28,329,24,3,2,3,1,3,2,2408,17,3,1,3,3,1,1,0,0
No,22,457,26,2,1,2,1,7,3,2814,14,3,4,2,2,4,2,1,3
No,50,1234,20,5,2,3,4,1,3,11245,15,3,32,3,3,30,8,12,13
No,32,634,5,4,1,4,1,7,4,3312,17,3,6,3,3,3,2,0,2
No,44,1313,7,3,1,3,5,6,4,19049,14,3,23,4,2,22,7,1,10
No,30,241,7,3,2,2,1,7,2,2141,12,3,6,3,2,6,4,1,1
No,45,1015,5,5,1,1,2,3,1,5769,14,3,10,3,3,10,7,1,4
No,45,336,26,3,2,2,2,8,1,4385,15,3,10,2,3,10,7,4,5
No,31,715,2,4,2,3,2,8,1,5332,13,3,10,3,3,5,2,0,3
No,36,559,12,4,1,3,2,5,3,4663,12,3,7,2,3,3,2,1,1
No,34,426,10,4,2,4,2,5,4,4724,13,3,9,3,3,9,7,7,2
No,49,722,25,4,1,3,1,3,1,3211,14,3,10,3,2,9,6,1,4
No,39,1387,10,5,2,3,2,5,1,5377,13,3,10,3,3,7,7,7,7
No,27,1302,19,3,2,2,1,3,1,4066,11,3,7,3,3,7,7,0,7
No,35,819,18,5,2,4,2,7,1,5208,11,3,16,2,3,16,15,1,10
No,28,580,27,3,1,1,2,5,1,4877,21,4,6,5,2,5,3,0,0
No,21,546,5,1,2,3,1,7,4,3117,18,3,3,2,3,2,2,2,2
Yes,18,544,3,2,1,3,1,9,4,1569,12,3,0,2,4,0,0,0,0
No,47,1176,26,4,1,3,5,4,3,19658,11,3,27,2,3,5,2,1,0
No,39,170,3,2,2,2,2,3,3,3069,15,3,11,3,3,10,8,0,7
No,40,884,15,3,1,2,3,5,3,10435,13,3,18,2,3,18,15,14,12
No,35,208,8,4,1,3,2,1,3,4148,12,3,15,5,3,14,11,2,9
No,37,671,19,3,2,3,2,5,3,5768,17,3,9,2,2,4,3,0,2
No,39,711,4,3,1,3,2,5,3,5042,13,3,10,2,1,9,2,3,8
No,45,1329,2,2,1,2,2,5,4,5770,19,3,10,3,3,10,7,3,9
No,38,397,2,2,1,2,3,5,3,7756,19,3,10,6,4,5,4,0,2
Yes,35,737,10,3,2,2,3,8,1,10306,17,3,15,3,3,13,12,6,0
No,37,1470,10,3,1,3,1,7,2,3936,11,3,8,2,1,8,4,7,7
No,40,448,16,3,1,3,3,5,4,7945,15,3,18,2,2,4,2,3,3
No,44,602,1,5,2,3,2,2,4,5743,11,3,14,3,3,10,7,0,2
No,48,365,4,5,2,2,4,4,4,15202,25,4,23,3,3,2,2,2,2
Yes,35,763,15,2,2,1,2,8,4,5440,14,3,7,2,2,2,2,2,2
No,24,567,2,1,1,3,1,7,4,3760,13,3,6,2,3,6,3,1,3
No,27,486,8,3,1,4,1,7,3,3517,17,3,5,0,3,3,2,0,2
No,27,591,2,3,2,3,1,7,4,2580,13,3,6,0,2,4,2,1,2
Yes,40,1329,7,3,2,3,1,3,1,2166,14,3,10,3,1,4,2,0,3
No,29,469,10,3,2,2,2,8,3,5869,11,3,8,2,3,5,2,1,4
No,36,711,5,4,1,3,3,1,1,8008,12,3,9,6,3,3,2,0,2
No,25,772,2,1,2,4,2,5,3,5206,17,3,7,6,3,7,7,0,7
No,39,492,12,3,2,3,2,5,2,5295,21,4,7,3,3,5,4,1,0
No,49,301,22,4,1,3,4,6,2,16413,16,3,27,2,3,4,2,1,2
No,50,813,17,5,1,2,3,6,1,13269,15,3,19,3,3,14,11,1,11
No,20,1141,2,3,1,3,1,9,3,2783,19,3,2,3,3,2,2,2,2
No,34,1130,3,3,1,3,2,7,2,5433,12,3,11,2,3,11,8,7,9
No,36,311,7,3,2,3,1,3,2,2013,11,3,15,4,3,4,3,1,3
No,49,465,6,1,1,2,4,1,3,13966,19,3,30,3,3,15,11,2,12
No,36,894,1,4,1,2,2,5,3,4374,15,3,4,6,3,3,2,1,2
No,36,1040,3,2,2,4,2,1,1,6842,20,4,13,3,3,5,4,0,4
No,54,584,22,5,1,3,4,4,3,17426,25,4,36,6,3,10,8,4,7
No,43,1291,15,2,2,2,4,6,3,17603,24,4,14,3,3,14,10,6,11
Yes,35,880,12,4,2,3,2,8,4,4581,24,4,13,2,4,11,9,6,7
No,38,1189,1,3,2,3,2,7,4,4735,15,3,19,4,4,13,11,2,9
No,29,991,5,3,2,2,2,8,2,4187,13,3,10,3,2,10,0,0,9
No,33,392,2,4,2,3,2,8,4,5505,14,3,6,5,3,6,2,0,4
No,32,977,2,3,2,3,2,7,2,5470,13,3,10,4,2,9,5,1,6
No,31,1112,5,4,1,3,2,8,4,5476,11,3,10,2,3,10,0,0,2
No,49,464,16,3,1,3,1,3,1,2587,16,3,17,2,2,2,2,2,2
No,38,148,2,3,1,2,1,3,2,2440,22,4,4,3,3,4,3,3,3
No,47,1225,2,4,1,4,4,4,2,15972,14,3,29,2,3,3,2,1,2
No,49,809,1,3,2,3,4,4,3,15379,14,3,23,2,3,8,7,0,0
No,41,1206,23,2,2,3,3,8,3,7082,16,3,21,2,3,2,0,0,2
No,20,727,9,1,2,3,1,9,1,2728,11,3,2,3,3,2,2,0,2
No,33,530,16,3,1,3,2,8,4,5368,25,4,7,2,3,6,5,1,2
No,36,1351,26,4,2,3,2,1,3,5347,14,3,10,2,2,3,2,0,2
No,44,528,1,3,1,3,1,2,4,3195,18,3,8,2,3,2,2,2,2
Yes,23,1320,8,1,2,2,1,3,3,3989,11,3,5,2,3,5,4,1,2
No,38,1495,4,2,1,3,1,3,3,3306,19,3,7,5,2,0,0,0,0
No,53,1395,24,4,2,4,3,1,4,7005,15,3,11,2,3,4,3,1,2
Yes,48,708,7,2,1,3,1,9,3,2655,11,3,19,3,3,9,7,7,7
Yes,32,1259,2,4,2,3,1,3,2,1393,12,3,1,2,3,1,0,0,0
No,26,786,7,3,2,3,1,3,4,2570,20,4,7,5,3,7,7,5,7
No,55,1441,22,3,2,2,1,7,2,3537,12,3,8,1,3,4,2,1,2
No,34,1157,5,2,2,2,2,3,4,3986,14,3,15,3,4,15,10,4,13
No,60,370,1,4,2,1,3,1,4,10883,20,4,19,2,4,1,0,0,0
No,33,267,21,3,2,4,1,3,2,2028,18,3,14,6,3,14,11,2,13
No,37,1278,1,4,2,1,2,8,4,9525,14,3,6,2,2,6,3,1,3
No,34,678,19,3,1,2,1,7,4,2929,12,3,10,3,3,10,9,8,7
Yes,23,427,7,3,2,3,1,9,4,2275,21,4,3,2,3,3,2,0,2
No,44,921,2,3,1,4,3,1,4,7879,19,3,9,2,3,8,7,6,7
No,35,146,2,4,2,2,1,7,4,4930,14,3,6,2,4,5,4,1,4
No,43,1179,2,3,2,3,2,8,4,7847,17,3,10,3,3,10,9,8,8
No,24,581,9,3,2,4,1,7,3,4401,16,3,5,1,3,5,3,0,4
No,41,918,6,3,2,3,3,8,3,9241,12,3,10,3,3,10,8,8,7
No,29,1082,9,4,1,3,1,3,3,2974,17,3,9,2,3,5,3,1,2
No,36,530,2,4,1,3,2,9,4,4502,15,3,17,2,2,13,7,6,7
No,45,1238,1,1,2,2,3,1,3,10748,23,4,25,3,2,23,15,14,4
Yes,24,240,22,1,2,1,1,2,3,1555,11,3,1,2,3,1,0,0,0
Yes,47,1093,9,3,2,1,4,8,3,12936,11,3,25,3,1,23,5,14,10
No,26,390,17,4,2,1,1,3,3,2305,15,3,3,3,4,3,2,0,2
No,45,1005,28,2,1,2,4,6,2,16704,11,3,21,2,3,21,6,8,6
No,32,585,10,3,2,3,1,7,3,3433,13,3,10,3,2,5,2,1,3
No,31,741,2,4,2,3,1,3,3,3477,14,3,6,2,4,5,2,0,3
No,41,552,4,3,2,1,2,2,2,6430,19,3,10,4,3,3,2,1,2
No,40,369,8,2,1,3,2,5,1,6516,16,3,18,3,3,1,0,0,0
No,24,506,29,1,2,3,1,3,1,3907,13,3,6,2,4,6,2,1,2
No,46,717,13,4,2,3,2,1,2,5562,14,3,19,3,3,10,7,0,9
No,35,1370,27,4,2,3,2,5,3,6883,16,3,17,3,3,7,7,0,7
No,30,793,16,1,2,3,1,7,4,2862,12,3,10,2,2,10,0,0,8
No,47,543,2,4,2,3,2,8,2,4978,11,3,4,3,1,1,0,0,0
No,46,1277,2,3,2,3,3,8,4,10368,12,3,13,5,2,10,6,0,3
Yes,36,1456,13,5,2,2,2,8,1,6134,13,3,16,3,3,2,2,2,2
Yes,32,964,1,2,2,1,2,8,2,6735,15,3,10,2,3,0,0,0,0
No,23,160,4,1,1,3,1,3,2,3295,13,3,3,3,1,3,2,1,2
No,31,163,24,1,1,3,2,5,4,5238,20,4,9,3,2,5,4,1,4
No,39,792,1,3,2,3,2,3,4,6472,15,3,9,2,3,9,8,5,8
No,32,371,19,3,2,1,3,8,3,9610,13,3,10,2,1,4,3,0,2
No,40,611,7,4,2,3,5,4,2,19833,14,3,21,3,2,21,8,12,8
No,45,176,4,3,1,1,3,2,3,9756,21,4,9,2,4,5,0,0,3
No,30,1312,2,4,1,2,1,7,1,4968,16,3,10,2,3,9,7,0,7
No,24,897,10,3,2,3,1,2,4,2145,14,3,3,2,3,2,2,2,1
Yes,30,600,8,3,1,2,1,2,4,2180,11,3,6,0,2,4,2,1,2
No,31,1003,5,3,2,3,2,8,3,8346,19,3,6,3,3,5,2,0,2
No,27,1054,8,3,1,3,1,7,4,3445,11,3,6,5,2,6,2,1,4
Yes,29,428,9,3,1,1,1,9,2,2760,13,3,2,3,3,2,2,2,2
No,29,461,1,3,2,4,2,1,3,6294,12,3,10,5,4,3,2,0,2
No,30,979,15,2,2,2,3,8,1,7140,11,3,12,2,3,7,7,1,7
No,34,181,2,4,2,4,1,7,4,2932,14,3,6,3,3,5,0,1,2
No,33,1283,2,3,1,3,2,8,2,5147,15,3,13,2,2,11,7,1,7
No,49,1313,11,4,1,3,2,8,4,4507,12,3,8,1,4,5,1,0,4
Yes,33,211,16,3,1,3,3,8,1,8564,20,4,11,2,2,0,0,0,0
No,38,594,2,2,1,2,1,3,2,2468,14,3,9,4,2,6,1,0,5
Yes,31,1079,16,4,2,3,3,8,3,8161,13,3,10,2,3,1,0,0,0
No,29,590,4,3,1,2,1,7,1,2109,13,3,1,2,3,1,0,0,0
No,30,305,16,3,2,4,2,1,3,5294,16,3,10,3,3,7,0,1,7
No,32,953,5,4,2,3,1,7,2,2718,14,3,12,3,3,7,7,0,7
No,38,833,18,3,2,1,2,1,4,5811,16,3,15,2,3,1,0,1,0
Yes,43,807,17,3,2,2,1,7,3,2437,16,3,6,4,3,1,0,0,0
No,42,855,12,3,2,3,1,3,2,2766,22,4,7,6,2,5,3,0,4
No,55,478,2,3,2,2,5,6,1,19038,12,3,34,2,3,1,0,0,0
No,33,775,4,3,2,3,2,7,2,3055,15,3,11,2,2,9,8,1,7
No,41,548,9,4,2,3,1,3,1,2289,20,4,5,2,3,5,3,0,4
No,34,1375,10,3,2,3,2,8,3,4001,14,3,15,3,3,15,14,0,7
No,53,661,1,4,1,2,4,5,3,12965,20,4,27,2,2,3,2,0,2
No,43,244,2,3,2,3,1,2,4,3539,13,3,10,5,3,9,7,1,8
No,34,511,3,2,1,1,2,8,4,6029,12,3,6,3,3,2,2,2,2
Yes,21,337,7,1,2,3,1,9,2,2679,13,3,1,3,3,1,0,1,0
No,38,1153,6,2,1,2,1,3,3,3702,11,3,5,3,3,5,4,0,4
Yes,22,1294,8,1,1,3,1,3,1,2398,17,3,1,6,3,1,0,0,0
No,31,196,29,4,1,2,2,8,4,5468,14,3,13,3,3,12,7,5,7
No,51,942,3,3,1,3,3,4,3,13116,11,3,15,2,3,2,2,2,2
No,37,589,9,2,2,2,2,8,2,4189,14,3,5,2,3,5,2,0,3
No,46,734,2,4,2,3,5,6,4,19328,17,3,24,3,3,2,1,2,2
No,36,1383,10,3,2,3,3,1,1,8321,13,3,15,1,3,12,8,5,7
Yes,44,429,1,2,2,3,1,7,2,2342,12,3,6,2,2,5,3,2,3
No,37,1239,8,2,2,3,2,2,2,4071,13,3,19,4,2,10,0,4,7
Yes,35,303,27,3,2,3,2,8,4,5813,18,3,10,2,3,10,7,7,7
No,33,867,8,4,2,4,1,7,1,3143,19,3,14,1,3,10,8,7,6
No,28,1181,1,3,2,3,1,7,4,2044,11,3,5,6,4,5,3,0,3
No,39,1253,10,1,2,3,3,6,3,13464,21,4,9,3,3,4,3,2,2
No,46,849,26,2,2,2,2,8,2,7991,15,3,6,3,3,2,2,2,2
No,40,616,2,2,1,3,1,3,1,3377,17,3,7,5,2,4,3,0,2
No,42,1128,13,3,2,4,2,1,1,5538,18,3,10,2,2,0,0,0,0
No,35,1180,2,2,2,3,2,5,4,5762,14,3,15,6,3,7,7,1,7
No,38,1336,2,3,2,3,1,2,2,2592,13,3,13,3,3,11,10,3,8
Yes,34,234,9,4,2,3,2,3,1,5346,17,3,11,3,2,7,1,0,7
Yes,37,370,10,4,2,3,2,5,1,4213,15,3,10,4,1,10,3,0,8
No,39,766,20,3,2,3,2,8,4,4127,18,3,7,6,3,2,1,2,2
No,43,343,9,3,2,3,1,7,3,2438,13,3,7,2,2,3,2,1,2
No,41,447,5,3,2,4,2,1,2,6870,12,3,11,3,1,3,2,1,2
No,41,796,4,1,1,3,3,8,3,10447,13,3,23,3,4,22,14,13,5
No,30,1092,10,3,1,3,3,5,3,9667,14,3,9,3,3,7,7,0,2
Yes,26,920,20,2,1,3,1,2,2,2148,11,3,6,3,3,5,1,1,4
Yes,46,261,21,2,1,3,2,1,2,8926,22,4,13,2,4,9,7,3,7
No,40,1194,1,3,1,3,2,1,4,6513,17,3,12,3,3,5,3,0,3
No,34,810,8,2,2,4,2,8,3,6799,21,4,10,5,3,10,8,4,8
No,58,350,2,3,2,3,4,4,2,16291,22,4,37,0,2,16,9,14,14
No,35,185,23,4,2,1,1,3,3,2705,16,3,6,2,4,5,4,0,3
No,47,1001,4,3,1,2,3,5,2,10333,12,3,28,4,3,22,11,14,10
No,40,750,12,3,1,3,2,1,1,4448,12,3,15,3,3,7,4,7,7
No,54,431,7,4,1,3,2,7,4,6854,15,3,14,2,2,7,1,1,7
No,31,1125,7,4,1,3,3,8,1,9637,14,3,9,3,3,3,2,2,2
No,28,1217,1,3,1,3,1,7,1,3591,25,4,3,3,3,3,2,1,2
No,38,723,2,4,1,1,2,9,4,5405,20,4,20,4,2,4,2,0,3
No,26,572,10,3,2,3,2,8,4,4684,13,3,5,4,3,5,3,1,2
No,58,1216,15,4,2,3,4,6,3,15787,14,3,23,3,3,2,2,2,2
No,18,1431,14,3,1,3,1,7,3,1514,16,3,0,4,1,0,0,0,0
Yes,31,359,18,5,2,4,1,2,1,2956,17,3,2,4,3,1,0,0,0
Yes,29,350,13,3,2,2,1,2,1,2335,15,3,4,3,3,2,2,2,0
No,45,589,2,4,1,3,2,8,3,5154,22,4,10,3,4,8,7,5,7
No,36,430,2,4,1,3,2,7,2,6962,22,4,15,2,3,1,0,0,0
No,43,1422,2,4,2,3,2,8,4,5675,20,4,7,5,3,7,7,7,7
No,27,1297,5,2,1,3,1,3,4,2379,14,3,6,3,2,5,4,0,2
No,29,574,20,1,2,3,1,3,4,3812,13,3,11,3,4,11,8,3,10
No,32,1318,10,4,2,3,2,8,4,4648,13,3,4,2,4,0,0,0,0
No,42,355,10,4,2,3,1,7,3,2936,22,4,10,1,2,6,3,3,3
No,47,207,9,4,1,3,1,3,3,2105,12,3,7,2,3,2,2,2,0
No,46,706,2,2,2,3,3,5,4,8578,14,3,12,4,2,9,8,4,7
No,28,280,1,2,2,3,1,2,4,2706,15,3,3,2,3,3,2,2,2
No,29,726,29,1,2,1,2,1,3,6384,17,3,11,3,3,7,0,1,6
No,42,1142,8,3,2,3,1,3,3,3968,13,3,8,3,3,0,0,0,0
Yes,32,414,2,4,2,2,2,8,2,9907,12,3,7,3,2,2,2,2,2
No,46,1319,3,3,1,4,4,8,1,13225,12,3,25,5,3,19,17,2,8
No,27,728,23,1,1,2,2,9,3,3540,21,4,9,5,3,9,8,5,8
No,29,352,6,1,2,2,1,2,2,2804,11,3,1,3,3,1,0,0,0
No,43,823,6,3,1,2,5,4,3,19392,13,3,21,2,3,16,12,6,14
No,48,1224,10,3,2,2,5,6,2,19665,12,3,29,3,3,22,10,12,9
Yes,29,459,24,2,2,2,1,7,4,2439,24,4,1,3,2,1,0,1,0
Yes,46,1254,10,3,1,3,3,8,2,7314,21,4,14,2,3,8,7,0,7
No,27,1131,15,3,1,2,1,7,1,4774,19,3,8,2,2,7,6,7,3
No,39,835,19,4,2,3,2,7,4,3902,14,3,7,2,3,2,2,2,2
No,55,836,2,4,2,2,1,7,4,2662,20,4,19,2,4,5,2,0,4
No,28,1172,3,3,1,3,1,9,2,2856,19,3,1,3,3,1,0,0,0
Yes,30,945,9,3,2,3,1,9,4,1081,13,3,1,3,2,1,0,0,0
Yes,22,391,7,1,2,3,1,7,2,2472,23,4,1,2,3,1,0,0,0
No,36,1266,10,4,1,2,2,8,3,5673,13,3,10,4,3,10,9,1,7
No,31,311,20,3,2,3,2,3,3,4197,11,3,10,2,3,10,8,0,2
No,34,1480,4,3,2,3,3,8,4,9713,13,3,9,3,3,5,3,1,0
No,29,592,7,3,2,3,1,3,1,2062,14,3,11,2,3,3,2,1,2
No,37,783,7,4,2,3,2,7,1,4284,22,4,16,2,3,5,3,0,4
No,35,219,16,2,1,2,2,5,2,4788,11,3,4,2,3,3,2,0,2
No,45,556,25,2,1,2,2,5,4,5906,13,3,10,2,2,9,8,3,8
No,36,1213,2,1,2,2,2,2,4,3886,21,4,10,2,2,10,1,0,8
No,40,1137,1,4,2,3,4,4,1,16823,11,3,22,3,3,19,7,11,16
No,26,482,1,2,1,2,1,7,3,2933,13,3,1,3,2,1,0,1,0
No,27,511,2,2,1,4,2,8,3,6500,14,3,9,5,2,8,7,0,7
No,48,117,22,3,1,3,4,4,4,17174,11,3,24,3,3,22,17,4,7
No,44,170,1,4,2,4,2,1,1,5033,15,3,10,5,3,2,0,2,2
Yes,34,967,16,4,2,1,1,7,1,2307,23,4,5,2,3,5,2,3,0
Yes,56,1162,24,2,2,3,1,3,4,2587,16,3,5,3,3,4,2,1,0
No,36,335,17,2,2,2,2,8,2,5507,16,3,12,1,1,4,2,1,3
No,41,337,8,3,1,3,2,8,2,4393,21,4,14,3,3,5,4,1,4
No,42,1396,6,3,2,3,3,6,1,13348,13,3,18,3,4,13,7,5,7
No,31,1079,10,2,1,3,2,8,4,6583,11,3,8,2,3,5,2,1,4
No,34,735,3,1,1,2,2,8,4,8103,12,3,9,3,2,4,2,0,1
No,31,471,4,3,1,4,1,3,3,3978,12,3,4,0,2,2,2,2,2
No,26,1096,6,3,2,4,1,3,4,2544,18,3,8,3,3,7,7,7,7
No,45,1297,1,4,2,3,2,1,3,5399,12,3,12,3,3,4,2,0,3
No,33,217,10,4,2,3,2,8,3,5487,14,3,10,2,2,10,4,0,9
No,28,783,1,2,2,2,2,8,4,6834,12,3,7,2,3,7,7,0,7
Yes,29,746,24,3,2,4,1,9,1,1091,17,3,1,3,3,1,0,0,0
No,39,1251,21,4,1,1,2,8,3,5736,19,3,10,1,3,3,2,1,2
No,27,1354,2,4,2,3,1,7,2,2226,11,3,6,3,2,5,3,1,2
No,34,735,22,4,2,2,2,7,4,5747,15,3,16,3,3,15,10,6,11
Yes,28,1475,13,2,1,3,2,8,3,9854,11,3,6,0,3,2,0,2,2
No,47,1169,14,4,2,3,2,7,2,5467,18,3,16,4,4,8,7,1,7
No,56,1443,11,5,1,2,2,8,1,5380,16,3,6,3,3,0,0,0,0
No,39,867,9,2,2,3,2,5,1,5151,25,4,10,3,3,10,0,7,9
No,38,1394,8,3,1,2,2,7,2,2133,16,3,20,3,3,20,11,0,7
No,58,605,21,3,1,3,4,4,4,17875,13,3,29,2,2,1,0,0,0
Yes,32,238,5,2,1,4,1,7,3,2432,14,3,8,2,3,4,1,0,3
No,38,1206,9,2,2,3,1,7,4,4771,19,3,10,0,4,5,2,0,3
No,49,1064,2,1,2,3,5,6,4,19161,15,3,28,3,3,5,4,4,3
No,42,419,12,4,2,3,2,8,4,5087,12,3,14,4,3,0,0,0,0
Yes,27,1337,22,3,1,2,1,2,2,2863,12,3,1,2,3,1,0,0,0
No,35,682,18,4,2,3,2,8,1,5561,16,3,6,2,1,5,3,0,4
No,28,1103,16,3,2,3,1,7,3,2144,14,3,5,3,2,5,3,1,4
No,31,976,3,2,2,3,1,7,1,3065,13,3,4,3,4,4,2,2,3
No,36,1351,9,4,2,4,1,3,2,2810,22,4,5,3,3,5,4,0,2
No,34,937,1,3,2,3,3,8,4,9888,21,4,14,3,2,14,8,2,1
No,34,1239,13,4,2,3,3,8,3,8628,18,3,9,2,2,8,7,1,1
No,26,157,1,3,2,3,1,3,1,2867,13,3,8,6,2,7,7,7,6
No,29,136,1,3,2,3,2,1,1,5373,12,3,6,5,2,5,3,0,2
No,32,1146,15,4,1,3,2,1,4,6667,18,3,9,6,3,5,1,1,2
No,31,1125,1,3,2,1,2,7,1,5003,21,4,10,6,3,10,8,8,7
Yes,28,1404,17,3,2,2,1,3,4,2367,12,3,6,2,2,4,1,0,3
No,38,1404,1,3,2,2,1,9,1,2858,14,3,20,3,2,1,0,0,0
No,35,1224,7,4,1,3,2,8,4,5204,11,3,10,2,3,10,8,0,9
No,27,954,9,3,2,3,2,8,4,4105,14,3,7,5,3,7,7,0,7
No,32,1373,5,4,2,2,2,5,4,9679,24,4,8,1,3,1,0,0,0
Yes,31,754,26,4,2,3,2,8,4,5617,11,3,10,4,3,10,7,0,8
Yes,53,1168,24,4,2,3,3,8,1,10448,13,3,15,2,2,2,2,2,2
No,54,155,9,2,1,3,2,7,3,2897,11,3,9,6,2,4,3,2,3
No,33,1303,7,2,2,3,2,1,3,5968,20,4,9,2,3,9,7,2,8
No,43,574,11,3,2,3,3,1,3,7510,17,3,10,1,3,10,9,0,9
No,38,1444,1,4,2,3,1,2,2,2991,11,3,7,2,3,6,2,1,2
No,55,189,26,4,2,4,5,4,2,19636,18,3,35,0,3,10,9,1,4
No,31,1276,2,1,1,1,1,3,4,1129,11,3,1,4,3,1,0,0,0
No,39,119,15,4,2,3,4,8,1,13341,12,3,21,3,3,20,8,11,10
No,42,335,23,2,2,2,2,7,3,4332,12,3,20,2,3,20,9,3,7
No,31,697,10,3,1,3,3,6,3,11031,20,4,13,2,4,11,7,4,8
No,54,157,10,3,1,3,2,5,1,4440,19,3,9,3,3,5,2,1,4
No,24,771,1,2,2,2,2,1,3,4617,12,3,4,2,2,4,3,1,2
No,23,571,12,2,2,3,1,3,4,2647,13,3,5,6,4,5,2,1,4
No,40,692,11,3,1,3,2,3,3,6323,11,3,10,2,4,10,9,9,4
No,40,444,2,2,1,3,2,8,2,5677,14,3,15,4,3,11,8,5,10
No,25,309,2,3,1,3,1,2,2,2187,14,3,6,3,3,2,0,1,2
No,30,911,1,2,2,3,1,3,2,3748,13,3,12,6,2,12,8,1,7
No,25,977,2,1,2,3,1,3,3,3977,19,3,7,2,2,2,2,0,2
No,47,1180,25,3,2,3,3,1,3,8633,23,4,25,3,3,17,14,12,11
No,33,1313,1,2,2,2,1,3,3,2008,12,3,1,2,2,1,1,0,0
No,38,1321,1,4,2,3,2,8,2,4440,15,3,16,3,3,15,13,5,8
No,31,1154,2,2,2,3,1,9,3,3067,19,3,3,1,3,2,2,1,2
No,38,508,6,4,2,2,2,5,3,5321,11,3,10,1,3,8,3,7,7
No,42,557,18,4,2,3,2,7,1,5410,17,3,9,3,2,4,3,1,2
No,41,642,1,3,2,3,1,7,4,2782,22,4,12,3,3,5,3,1,0
No,47,1162,1,1,1,3,3,6,2,11957,18,3,14,3,1,13,8,5,12
No,35,1490,11,4,2,3,1,3,3,2660,11,3,5,3,3,2,2,2,2
No,22,581,1,2,2,3,1,7,3,3375,12,3,4,2,4,3,2,1,2
No,35,1395,9,4,2,3,2,7,3,5098,19,3,10,5,3,10,7,0,8
No,33,501,15,2,1,3,2,1,4,4878,13,3,10,6,3,9,7,8,1
No,32,267,29,4,1,2,1,3,2,2837,13,3,6,3,3,6,2,4,1
No,40,543,1,4,2,3,1,3,4,2406,19,3,8,3,2,1,0,0,0
No,32,234,1,4,2,2,1,9,2,2269,14,3,3,2,3,2,2,2,2
No,39,116,24,1,2,3,2,7,4,4108,13,3,18,2,3,7,7,1,7
No,38,201,10,3,1,1,3,6,3,13206,12,3,20,3,3,18,16,1,11
No,32,801,1,4,1,3,3,8,4,10422,19,3,14,3,3,14,10,5,7
No,37,161,10,3,1,4,3,6,4,13744,25,4,16,2,3,16,11,6,8
No,25,1382,8,2,1,3,2,8,3,4907,22,4,6,3,2,5,3,0,4
No,52,585,29,4,2,3,1,9,4,3482,15,3,16,3,2,9,8,0,0
No,44,1037,1,3,2,3,1,7,4,2436,12,3,6,2,3,4,3,1,2
No,21,501,5,1,2,3,1,9,1,2380,11,3,2,6,3,2,2,1,2
No,39,105,9,3,2,3,5,4,4,19431,13,3,21,3,2,6,0,1,3
Yes,23,638,9,3,2,3,1,9,1,1790,19,3,1,3,2,1,0,1,0
No,36,557,3,3,1,2,3,8,4,7644,19,3,10,2,3,9,7,3,4
No,36,688,4,2,1,3,2,5,2,5131,13,3,18,3,3,4,2,0,2
No,56,667,1,4,2,3,2,1,3,6306,21,4,13,2,2,13,12,1,9
Yes,29,1092,1,4,2,3,1,7,4,4787,14,3,4,3,4,2,2,2,2
No,42,300,2,3,2,3,5,4,3,18880,11,3,24,2,2,22,6,4,14
Yes,56,310,7,2,2,3,1,3,3,2339,11,3,14,4,1,10,9,9,8
No,41,582,28,4,1,2,4,5,2,13570,23,4,21,3,3,20,7,0,10
No,34,704,28,3,1,2,2,8,3,6712,21,4,8,2,3,8,7,1,7
No,36,301,15,4,2,1,2,8,4,5406,24,4,15,4,2,15,12,11,11
No,41,930,3,3,2,2,2,8,2,8938,11,3,14,5,3,5,4,0,4
No,32,529,2,3,2,3,1,7,1,2439,14,3,4,4,3,4,2,1,2
No,35,1146,26,4,1,3,3,2,4,8837,16,3,9,2,3,9,0,1,7
No,38,345,10,2,1,3,2,8,4,5343,11,3,10,1,3,10,7,1,9
Yes,50,878,1,4,2,3,2,8,3,6728,12,3,12,3,3,6,3,0,1
No,36,1120,11,4,1,2,2,8,4,6652,13,3,8,2,2,6,3,0,0
No,45,374,20,3,1,3,2,8,3,4850,15,3,8,3,3,5,3,0,1
No,40,1322,2,4,2,2,1,7,3,2809,14,3,8,2,3,2,2,2,2
No,35,1199,18,4,2,3,2,1,3,5689,14,3,10,2,4,10,2,0,2
No,40,1194,2,4,1,3,1,7,3,2001,14,3,20,2,3,5,3,0,2
No,35,287,1,4,1,1,1,7,4,2977,12,3,4,5,3,4,3,1,1
No,29,1378,13,2,2,2,2,3,2,4025,13,3,10,2,3,4,3,0,3
No,29,468,28,4,1,2,1,7,1,3785,14,3,5,3,1,5,4,0,4
Yes,50,410,28,3,2,2,3,8,1,10854,13,3,20,3,3,3,2,2,0
No,39,722,24,1,1,2,4,8,4,12031,11,3,21,2,2,20,9,9,6
No,31,325,5,3,2,3,2,5,1,9936,19,3,10,2,3,9,4,1,7
No,26,1167,5,3,1,2,1,9,3,2966,18,3,5,2,3,4,2,0,0
No,36,884,23,2,2,4,2,3,4,2571,17,3,17,3,3,5,2,0,3
No,39,613,6,1,2,2,3,1,1,9991,15,3,9,5,3,7,7,1,7
No,27,155,4,3,2,4,2,5,2,6142,20,4,6,0,3,6,2,0,3
No,49,1023,2,3,2,2,2,8,2,5390,14,3,17,3,2,9,6,0,8
No,34,628,8,3,2,4,2,3,3,4404,12,3,6,3,4,4,3,1,2
